timestamp,hz_camera_info,x_offset,y_offset
1689312663.581941,1.3359502555448746,0,0
1689312663.605111,43.159268177234466,0,0
1689312663.627829,44.0175889680649,0,0
1689312663.655333,36.35839112343967,0,0
1689312663.697922,23.48026938213412,0,0
1689312663.727059,34.32074560793395,0,0
1689312663.757495,32.85578655470084,0,0
1689312663.790196,30.580090115049796,0,0
1689312663.820662,32.82338946973017,0,0
1689312663.854856,29.24490308185748,0,0
1689312663.889876,28.555213637972823,0,0
1689312663.933005,23.18614460162413,437,81
1689312663.96455,31.700821561647356,437,81
1689312663.997574,30.280941139098857,437,81
1689312664.036517,25.678678568367435,437,81
1689312664.06157,39.91534069280548,437,81
1689312664.100959,25.38771260819563,437,81
1689312664.139159,26.178077916890313,437,81
1689312664.164382,39.64632820697022,437,81
1689312664.206641,23.663610667599453,437,81
1689312664.230917,41.19291698176211,437,81
1689312664.261919,32.25593700012305,437,81
1689312664.297404,28.180898310209294,437,81
1689312664.336037,25.884693713820216,437,81
1689312664.364543,35.080284034358456,437,81
1689312664.401272,27.22637014533959,437,81
1689312664.429136,35.88862839051938,437,81
1689312664.464375,28.37766486471858,437,81
1689312664.496757,30.881342953909588,437,81
1689312664.530445,29.684100270350605,437,81
1689312664.565046,28.900921262067016,437,81
1689312664.599197,29.2818575946495,437,81
1689312664.632697,29.850572912959933,437,81
1689312664.66847,27.95419949080924,437,81
1689312664.702848,29.08832667554372,437,81
1689312664.730802,35.77292576419214,437,81
1689312664.759729,34.56995911908216,437,81
1689312664.798121,26.04704771840922,437,81
1689312664.831083,30.337887785436845,437,81
1689312664.863236,31.10140220526624,437,81
1689312664.903119,25.07325354790115,437,81
1689312664.93217,34.422427943010966,437,81
1689312664.973917,23.9537635636779,437,81
1689312665.000997,36.92754133577503,437,81
1689312665.032458,31.78538463287283,437,81
1689312665.066987,28.96118764025548,437,81
1689312665.102561,28.11044984183154,437,81
1689312665.134097,31.70968912543849,437,81
1689312665.174238,24.912266947013297,437,81
1689312665.20327,34.444760160632015,437,81
1689312665.237527,29.191169510871077,437,81
1689312665.274806,26.824661038628804,437,81
1689312665.304735,33.412495718189135,437,81
1689312665.333525,34.734286234824516,437,81
1689312665.36567,31.10901458175723,437,81
1689312665.402442,27.194595190393756,437,81
1689312665.434652,31.046151340868548,437,81
1689312665.469501,28.695286897863404,437,81
1689312665.501004,31.743046778624567,437,81
1689312665.533732,30.554916916173116,437,81
1689312665.570662,27.078194401404815,437,81
1689312665.601358,32.57762450678845,437,81
1689312665.632951,31.652496773852736,437,81
1689312665.669536,27.333537527126275,437,81
1689312665.70393,29.075018369865102,437,81
1689312665.740507,27.339595215591697,437,81
1689312665.769867,34.059880628527345,437,81
1689312665.803116,30.075966068393843,437,81
1689312665.842393,25.46029780440576,437,81
1689312665.871177,34.74147884932369,437,81
1689312665.916544,22.04245255750645,437,81
1689312665.945901,34.063476594224085,437,81
1689312665.984316,26.0313669511249,437,81
1689312666.01291,34.97264260282996,437,81
1689312666.0431,33.123299138414396,437,81
1689312666.077719,28.885993305877328,437,81
1689312666.107387,33.70624492715189,437,81
1689312666.137968,32.70004521853024,437,81
1689312666.172106,29.292900792680797,437,81
1689312666.21233,24.860733083598085,437,81
1689312666.246522,29.24673839524165,437,81
1689312666.281639,28.47611547130869,437,81
1689312666.307038,39.371675850222005,437,81
1689312666.347429,24.758010058319364,437,81
1689312666.376772,34.07980629382561,437,81
1689312666.412964,27.630279115420848,437,81
1689312666.445567,30.67222441607067,437,81
1689312666.481546,27.79396582000835,437,81
1689312666.511642,33.22694720831485,437,81
1689312666.546211,28.927630989082232,437,81
1689312666.577054,32.422247130212966,437,81
1689312666.619097,23.785188923732996,437,81
1689312666.646327,36.72416842510791,437,81
1689312666.684522,26.181509478717363,437,81
1689312666.714618,33.22694720831485,437,81
1689312666.748102,29.86502613178394,437,81
1689312666.777776,33.699474538413334,437,81
1689312666.810056,30.97896478373907,437,81
1689312666.848208,26.210959811524738,437,81
1689312666.877602,34.020375056777624,437,81
1689312666.908489,32.376197423368765,437,81
1689312666.948684,24.878723530458508,437,81
1689312666.978663,33.35669352080865,437,81
1689312667.039022,16.567537248581946,437,81
1689312667.047601,116.56348831392602,437,81
1689312667.078057,32.83418139687808,437,81
1689312667.11342,28.278176681971104,437,81
1689312667.152391,25.660140955364135,437,81
1689312667.182637,33.0622019375537,437,81
1689312667.217291,28.85658066735466,437,81
1689312667.25011,30.470345508964634,437,81
1689312667.282821,30.570728862973763,437,81
1689312667.315837,30.288375854822753,437,81
1689312667.345696,33.49066577236941,437,81
1689312667.390305,22.41696596545237,437,81
1689312667.42778,26.684548386891546,437,81
1689312667.453755,38.498572700487394,437,81
1689312667.488536,28.75134697906527,437,81
1689312667.518385,33.50190101920189,437,81
1689312667.5526,29.226969925021603,437,81
1689312667.596885,22.58097929957738,437,81
1689312667.632004,28.47456890699253,437,81
1689312667.657262,39.59131583915424,437,81
1689312667.689416,31.100479746112722,437,81
1689312667.730304,24.457010909811835,437,81
1689312667.759278,34.51363494231687,437,81
1689312667.792713,29.90889643172937,438,82
1689312667.818808,38.32129446053485,437,81
1689312667.858625,25.114991257694427,437,81
1689312667.885436,37.297952940758,437,81
1689312667.928678,23.125676793295472,437,81
1689312667.962356,29.692926318174095,437,81
1689312667.998377,27.7615880012973,437,81
1689312668.028281,33.44046688884282,437,81
1689312668.062798,28.971189777240546,437,81
1689312668.098455,28.04503998502233,437,81
1689312668.130604,31.105092589159245,437,81
1689312668.167021,27.459697271251244,437,81
1689312668.200267,30.07876997217521,437,81
1689312668.231102,32.43077065823353,437,81
1689312668.262773,31.57457956307683,437,81
1689312668.296516,29.63586004182918,437,81
1689312668.334536,26.301853663430908,437,81
1689312668.369183,28.862537847508946,437,81
1689312668.403772,28.91088180759183,437,81
1689312668.434223,32.83983714375196,437,81
1689312668.472311,26.254931049808143,437,81
1689312668.504799,30.78071977925204,437,81
1689312668.53258,35.99581194967474,437,81
1689312668.568739,27.655602589969803,437,81
1689312668.604045,28.323816212419977,438,83
1689312668.63021,38.21898235894445,437,82
1689312668.667733,26.650298952237534,437,82
1689312668.697456,33.644059775241246,437,81
1689312668.739623,23.715122524906423,437,81
1689312668.772217,30.680525788353364,437,81
1689312668.803767,31.69579082596539,437,81
1689312668.837119,29.983086590082138,437,81
1689312668.875053,26.361695976267395,437,81
1689312668.910922,27.879132712069445,437,81
1689312668.939578,34.89669861554846,437,81
1689312668.96985,33.03381901236513,437,81
1689312669.006643,27.17908774567298,437,81
1689312669.034703,35.63797029534718,437,81
1689312669.070255,28.127793127498055,437,81
1689312669.102149,31.353890545924813,437,81
1689312669.136745,28.905103855112813,437,81
1689312669.174017,26.829808737926182,437,81
1689312669.205888,31.37640731015807,437,81
1689312669.234566,34.870007648565064,437,81
1689312669.270787,27.608272666236623,437,81
1689312669.311202,24.743258629131688,437,81
1689312669.344332,30.184186474952682,438,82
1689312669.37381,33.923519896473636,437,81
1689312669.407392,29.777881905248734,437,81
1689312669.443891,27.39799331103679,437,81
1689312669.482901,25.634421219899767,437,81
1689312669.509413,37.718900349823286,437,81
1689312669.546856,26.707316917865352,437,81
1689312669.577466,32.66897217808518,437,81
1689312669.614547,26.967986677725698,437,81
1689312669.648382,29.555251772200066,437,81
1689312669.678598,33.09507239515524,437,81
1689312669.717995,25.382642532512723,437,81
1689312669.746649,34.8990215003661,437,81
1689312669.779952,30.027304682745932,437,81
1689312669.806945,37.0465919429061,437,81
1689312669.848059,24.322701862633668,437,81
1689312669.882888,28.711590591714355,437,81
1689312669.910132,36.70552818349684,437,81
1689312669.941198,32.18934620609205,437,81
1689312669.973989,30.49626640491511,437,81
1689312670.010236,27.58847866553532,437,81
1689312670.040908,32.602947577886944,437,81
1689312670.076019,28.481142965789797,437,81
1689312670.114149,26.22603780427565,437,81
1689312670.143135,34.499440679081395,437,81
1689312670.17499,31.39237626207815,437,81
1689312670.217403,23.577678716981556,437,81
1689312670.243664,38.07914877391123,437,81
1689312670.283295,25.23284242949273,437,81
1689312670.312183,34.61646515082738,437,81
1689312670.346804,28.88420298737699,437,81
1689312670.379095,30.968214472936157,437,81
1689312670.413603,28.97879602313161,437,81
1689312670.45931,21.878492924171532,437,81
1689312670.492072,30.523119915001384,437,81
1689312670.518627,37.65794270014994,437,81
1689312670.549732,32.14912926171204,437,81
1689312670.58194,31.048219705381598,437,81
1689312670.618922,27.04013822092139,437,81
1689312670.652526,29.75844478342616,437,81
1689312670.68836,27.906399909513702,437,81
1689312670.734382,21.728767549085635,437,81
1689312670.752674,54.66814384213339,437,81
1689312670.789613,27.071727779104517,437,81
1689312670.819064,33.95482732380228,437,81
1689312670.858366,25.443926112408626,437,81
1689312670.88268,41.12869190037262,437,81
1689312670.920618,26.358713958925115,437,81
1689312670.950126,33.88925786773321,438,82
1689312670.99848,20.680748673648502,437,81
1689312671.017727,51.956643997671165,437,81
1689312671.053794,27.72616938575848,437,81
1689312671.087581,29.59717174853401,437,81
1689312671.120009,30.837522883841984,437,81
1689312671.153962,29.45252055698727,437,81
1689312671.188437,29.006452326779577,437,81
1689312671.222778,29.119628984219332,437,81
1689312671.255032,31.003925105149946,437,81
1689312671.28906,29.387517165998712,437,81
1689312671.324836,27.951777681516777,437,81
1689312671.358243,29.933870495792863,437,81
1689312671.389898,31.59051298852912,437,81
1689312671.425385,28.17938364585503,437,81
1689312671.458886,29.849935593147965,437,81
1689312671.488916,33.30001984835854,437,81
1689312671.531913,23.25737067698774,437,81
1689312671.564127,31.042474928764385,437,81
1689312671.592066,35.79215769936425,437,81
1689312671.622514,32.84292291790648,437,81
1689312671.662082,25.27298144131116,437,81
1689312671.697171,28.49894682484678,437,81
1689312671.728559,31.859264266887454,437,81
1689312671.776842,20.711180461597717,437,81
1689312671.79289,62.313237260436786,437,81
1689312671.823466,32.70539982065578,437,81
1689312671.857988,28.9669880383436,437,81
1689312671.891275,30.04192959209254,437,81
1689312671.928607,26.786629369914806,437,81
1689312671.954727,38.28491625211081,437,81
1689312671.995308,24.642081206046683,437,81
1689312672.025651,32.956469811735865,438,82
1689312672.080513,18.22754532654232,438,82
1689312672.096213,63.69385430745167,438,82
1689312672.129226,30.29121950514928,437,81
1689312672.163165,29.464520797184424,437,81
1689312672.194139,32.285234847668455,437,81
1689312672.225982,31.404128512492605,437,81
1689312672.258282,30.959756709675514,437,81
1689312672.290761,30.7890799914848,437,81
1689312672.330112,25.412323538321722,437,81
1689312672.366824,27.239100928036574,437,81
1689312672.399926,30.209622587150676,437,81
1689312672.435716,27.940791665001267,437,81
1689312672.476828,24.323689231429448,437,81
1689312672.494044,58.08561259676772,437,81
1689312672.526724,30.599722769387903,437,80
1689312672.559304,30.693772411269666,437,80
1689312672.59334,29.3807238874451,438,80
1689312672.624746,31.840883038405188,437,80
1689312672.65937,28.881816241229007,436,79
1689312672.695964,27.32677034537127,437,80
1689312672.725732,33.593131287242905,437,80
1689312672.761629,27.857468302305346,437,80
1689312672.798262,27.297958333604516,437,80
1689312672.836889,25.88852815188811,438,80
1689312672.86483,35.78971440273737,436,79
1689312672.907029,23.697302183677504,437,80
1689312672.94162,28.909088402740444,437,80
1689312672.970064,35.1570300581717,437,80
1689312673.001342,31.97121731839317,437,80
1689312673.036459,28.476308803660782,437,80
1689312673.067678,32.031769791205264,436,79
1689312673.104897,26.867963204960667,437,80
1689312673.141009,27.691572310434754,437,80
1689312673.167233,38.13315634915584,437,80
1689312673.201528,29.158699702455436,437,80
1689312673.234368,30.450657393223512,437,80
1689312673.272011,26.56539528520578,437,80
1689312673.30542,29.932161539175176,437,80
1689312673.340055,28.87247194878502,437,80
1689312673.380869,24.50144287500146,437,80
1689312673.413001,31.12147923901107,437,81
1689312673.438843,38.69676812222642,437,81
1689312673.478434,25.258218563505302,437,81
1689312673.504824,37.89337501242242,437,81
1689312673.541808,27.03874369850827,437,80
1689312673.574036,31.02892568097415,437,80
1689312673.600615,37.623487410410746,437,80
1689312673.641011,24.75494148129349,437,80
1689312673.672658,31.598604759788152,438,80
1689312673.705555,30.397912740976953,437,80
1689312673.743972,26.030074534701146,437,80
1689312673.770694,37.42241256245539,437,81
1689312673.806054,28.280464699179426,437,81
1689312673.838625,30.70231019236963,437,81
1689312673.872114,29.860561144215914,437,81
1689312673.9056,29.863112402190087,437,81
1689312673.940406,28.7306677991876,437,81
1689312673.972226,31.4269529903643,437,81
1689312674.006722,28.988810328502215,437,81
1689312674.048438,23.971560839000972,437,81
1689312674.077669,34.210451620270305,437,81
1689312674.10929,31.624573996441175,437,81
1689312674.142786,29.854184906009554,437,81
1689312674.177815,28.547828099263555,437,81
1689312674.216015,26.177914531621553,437,81
1689312674.243246,36.722882283412865,437,81
1689312674.278321,28.510376236277743,437,81
1689312674.309351,32.22693989196997,437,81
1689312674.345749,27.474086883613687,437,81
1689312674.375797,33.27993906261158,437,81
1689312674.418217,23.57383572576747,437,81
1689312674.444521,38.01702212513709,437,81
1689312674.483246,25.82301985531784,437,81
1689312674.510653,36.487120823293,437,81
1689312674.541145,32.79541491715731,437,81
1689312674.579199,26.278453730969236,437,81
1689312674.613113,29.486477556328868,437,81
1689312674.651752,25.880541020831277,437,81
1689312674.689874,26.231614497013666,437,81
1689312674.71416,41.17593237976498,437,81
1689312674.74743,30.056999534200436,437,81
1689312674.776067,34.919941388037834,437,81
1689312674.81327,26.87949961868996,437,81
1689312674.849978,27.24210854485464,437,81
1689312674.880298,32.98160744194824,437,81
1689312674.915389,28.497204160806614,437,81
1689312674.947191,31.444623539025542,437,81
1689312674.991665,22.485104831749197,437,81
1689312675.022741,32.17897393799437,437,81
1689312675.050755,35.6965080553877,437,81
1689312675.088325,26.616981850488642,437,81
1689312675.114528,38.16368979918656,437,81
1689312675.149966,28.218248361791737,437,81
1689312675.184358,29.076630849220106,437,81
1689312675.213708,34.07150110070429,437,81
1689312675.246994,30.042575136807724,437,81
1689312675.282713,27.996368879158435,437,81
1689312675.314495,31.464202124467384,437,81
1689312675.352128,26.57246395174983,437,81
1689312675.38775,28.07263284005649,437,81
1689312675.422124,29.0917565458644,437,81
1689312675.450347,35.432047036561464,437,81
1689312675.485969,28.072444950137207,437,81
1689312675.523052,26.966599587236477,437,81
1689312675.556535,29.86587675700309,437,81
1689312675.588743,31.048219705381598,437,81
1689312675.623784,28.537921931239072,437,81
1689312675.652846,34.40915542064892,437,81
1689312675.69064,26.459314025448055,437,81
1689312675.724248,29.754855918616364,437,81
1689312675.756971,30.55959198542805,437,81
1689312675.79337,27.473187091026993,437,81
1689312675.823192,33.532434722821826,437,81
1689312675.856412,30.102300211719957,437,81
1689312675.888816,30.860212047412684,437,81
1689312675.967359,12.731887819374501,437,81
1689312675.990231,43.72163615894592,437,81
1689312676.021196,32.29468108041517,437,81
1689312676.055924,28.795166826857063,437,81
1689312676.161009,9.516093829053974,437,81
1689312676.167697,149.5242237353392,437,81
1689312676.191227,42.498925951444896,437,81
1689312676.219909,34.86508009077231,437,81
1689312676.257076,26.90553595483995,437,81
1689312676.293169,27.706206030980614,437,81
1689312676.324506,31.911136133660992,437,81
1689312676.365726,24.26009751921753,437,81
1689312676.394227,35.08644660454066,437,81
1689312676.424519,33.01197915846805,437,81
1689312676.458345,29.563167836702473,437,81
1689312676.493166,28.71827456350565,437,81
1689312676.525841,30.60441156082861,437,81
1689312676.565422,25.26460861970304,437,81
1689312676.594413,34.49348256947128,437,81
1689312676.628609,29.24327188554536,437,81
1689312676.662586,29.431646901971792,437,81
1689312676.695833,30.0779071768688,437,81
1689312676.726513,32.59458661340835,437,81
1689312676.756805,33.01197915846805,437,81
1689312676.793548,27.21594684385382,437,81
1689312676.826272,30.558701385751963,437,81
1689312676.863274,27.025502905965283,437,81
1689312677.040652,5.6376796594518375,437,81
1689312677.058592,55.74122212476411,437,81
1689312677.090488,31.35201560759749,437,81
1689312677.12927,25.785078443908915,437,81
1689312677.157149,35.869292671871925,437,81
1689312677.189886,30.546460902053035,437,81
1689312677.229374,25.32425252378882,437,81
1689312677.259387,33.31880143624289,437,81
1689312677.305065,21.892424851373004,437,81
1689312677.333831,34.76307457688929,437,81
1689312677.369899,27.725436277102062,437,81
1689312677.401373,31.77238260447993,437,81
1689312677.434396,30.28181562208954,437,81
1689312677.46393,33.85943781584513,437,81
1689312677.496927,30.305664739884392,437,81
1689312677.526699,33.5885579749025,437,81
1689312677.561884,28.421315118989536,437,81
1689312677.602992,24.326087460851408,437,81
1689312677.634712,31.525927707583264,437,81
1689312677.671099,27.482367741681845,437,81
1689312677.696022,40.123441909408335,437,81
1689312677.732504,27.410885136194906,437,81
1689312677.768165,28.041664995253186,437,81
1689312677.806664,25.97478263023607,437,81
1689312677.837475,32.4558658526205,437,81
1689312677.873896,27.45682115737104,437,81
1689312677.905702,31.440380795322515,437,81
1689312677.938902,30.120675044883303,437,81
1689312677.969556,32.62196573152995,437,81
1689312678.01016,24.62819059921905,437,81
1689312678.036558,37.88173878487369,437,81
1689312678.075121,25.931583665646542,437,81
1689312678.106951,31.41683083030598,437,81
1689312678.133833,37.199705545848815,437,81
1689312678.171176,26.778762417958475,437,81
1689312678.201307,33.18829868886445,437,81
1689312678.240145,25.748038649952733,437,81
1689312678.270363,33.09272233794105,437,81
1689312678.299993,33.749639917281556,437,81
1689312678.339443,25.348587314537816,437,81
1689312678.371292,31.39801624433881,437,81
1689312678.406784,28.175408426483234,437,81
1689312678.438538,31.49207874701545,437,81
1689312678.46755,34.46853761761926,437,81
1689312678.505109,26.62475402135412,437,81
1689312678.545014,25.05962132482539,437,81
1689312678.575962,32.31209651325825,437,81
1689312678.611044,28.504757244603926,437,81
1689312678.64332,30.982626167119726,437,81
1689312678.675064,31.502012858258727,437,81
1689312678.707997,30.36468280110909,437,81
1689312678.736877,34.626181572017074,437,81
1689312678.783237,21.57031185715461,437,81
1689312678.820439,26.880188673199306,437,81
1689312678.845454,39.97621044605414,437,81
1689312678.88058,28.468964019303733,437,81
1689312678.912039,31.78731176439382,437,81
1689312678.944627,30.686137367943576,437,81
1689312678.989604,22.23361092410693,437,81
1689312679.022847,30.081574398806577,437,81
1689312679.050023,36.796982059042854,437,81
1689312679.081523,31.746170148349986,437,81
1689312679.123003,24.107966432923323,437,81
1689312679.150205,36.76215017573383,437,81
1689312679.182778,30.700287657095174,438,82
1689312679.211965,34.2615912432609,437,81
1689312679.247678,28.00104145108852,437,81
1689312679.276149,35.123467542037915,437,81
1689312679.321263,22.166048345329823,437,81
1689312679.354219,30.343594232675237,437,81
1689312679.388244,29.390194168634512,437,81
1689312679.420118,31.373356271972472,437,81
1689312679.45446,29.119022493751736,437,81
1689312679.490692,27.59991577174142,437,81
1689312679.522293,31.64437738126674,437,81
1689312679.55861,27.5354113599958,437,81
1689312679.591161,30.720975030945805,437,81
1689312679.621912,32.519278332131584,437,81
1689312679.654923,30.292969709225904,437,81
1689312679.688199,30.051615676721358,437,81
1689312679.725997,26.45647676237574,437,81
1689312679.758866,30.423710495201757,437,81
1689312679.797124,26.13843517277911,437,81
1689312679.826596,33.93038061723901,437,81
1689312679.864084,26.675214327507696,437,81
1689312679.895989,31.343112711946734,437,81
1689312679.923607,36.208047376099586,437,81
1689312679.960626,27.013318906664605,437,81
1689312679.993016,30.873614321256643,438,83
1689312680.021275,35.386907624423124,437,82
1689312680.058675,26.737962732760874,437,82
1689312680.089451,32.49282637662297,437,81
1689312680.129687,24.85336746423958,437,81
1689312680.163777,29.334079337548257,437,81
1689312680.192994,34.226643273899384,437,81
1689312680.227582,28.911878239770598,437,81
1689312680.266011,26.021999838692665,437,81
1689312680.303052,26.99714857654109,437,81
1689312680.32962,37.63935603137283,437,81
1689312680.361332,31.533749342154724,437,81
1689312680.398634,26.80820166692233,437,81
1689312680.427365,34.80548017957463,437,81
1689312680.461641,29.174925572465987,437,81
1689312680.492686,32.21134764845022,437,81
1689312680.527824,28.459305599848012,437,81
1689312680.566092,26.13143270117377,437,81
1689312680.59808,31.261815498595034,437,81
1689312680.626195,35.56815888333913,437,81
1689312680.664222,26.29707141827119,437,81
1689312680.702881,25.867133729679058,437,81
1689312680.736438,29.80009662659505,438,82
1689312680.766588,33.16756551582343,437,81
1689312680.799417,30.460830095500928,437,81
1689312680.834933,28.15630517235592,437,81
1689312680.875019,24.94634604747432,437,81
1689312680.901387,37.92489714724897,437,81
1689312680.938128,27.217536323108572,437,81
1689312680.967221,34.372497439049376,437,81
1689312681.005307,26.256410256410255,437,81
1689312681.041452,27.666365441317126,437,81
1689312681.067257,38.75218508047379,437,81
1689312681.108542,24.221850059481874,437,81
1689312681.137171,34.929538054114374,437,81
1689312681.170738,29.79120676184388,437,81
1689312681.197055,37.99807939700313,437,81
1689312681.239256,23.696231137325356,437,81
1689312681.275232,27.796176148977764,437,81
1689312681.301559,37.98397073073544,437,81
1689312681.333135,31.669704543223673,437,81
1689312681.365533,30.865889556105028,437,81
1689312681.402875,26.7796172975872,437,81
1689312681.43237,33.904050569472396,437,81
1689312681.467966,28.092939765976116,437,81
1689312681.506775,25.767336708114218,437,81
1689312681.533559,37.335469686045165,437,81
1689312681.567672,29.314397539837852,437,81
1689312681.609029,24.179679933588524,437,81
1689312681.636091,36.95226684051944,437,81
1689312681.676065,25.016276697899954,437,81
1689312681.704657,34.974683966512124,437,81
1689312681.739466,28.728306358262728,437,81
1689312681.770972,31.73992402342863,437,81
1689312681.804207,30.088695677125926,437,81
1689312681.852054,20.899937713331838,437,81
1689312681.885665,29.75232312341283,437,81
1689312681.909291,42.32609112467834,437,81
1689312681.971275,16.133179475344257,437,81
1689312682.004146,30.421945151627245,437,81
1689312682.037582,29.90804335424986,437,81
1689312682.07145,29.526331721258966,437,81
1689312682.121531,19.967646568755804,437,81
1689312682.135938,69.41109106856207,437,81
1689312682.173537,26.5963906608667,437,81
1689312682.204243,32.56700054352046,437,81
1689312682.24695,23.415383584739235,437,81
1689312682.271082,41.438730648013674,437,81
1689312682.308555,26.685906612458883,437,81
1689312682.343386,28.71001834460477,437,81
1689312682.378412,28.550159961881423,438,82
1689312682.411598,30.133226047473993,437,81
1689312682.438545,37.10985277463194,437,81
1689312682.47036,31.431663194496487,437,81
1689312682.505969,28.082782631984198,437,81
1689312682.541118,28.450425640156013,437,81
1689312682.574636,29.83464807767543,437,81
1689312682.605634,32.26015459754644,437,81
1689312682.644007,26.059994532395557,437,81
1689312682.678844,28.705106182032207,437,81
1689312682.711059,31.041326228537596,437,81
1689312682.749357,26.111097968661483,437,81
1689312682.77822,34.64648934412688,437,81
1689312682.810429,31.04707057996225,437,81
1689312682.85257,23.729881415768986,437,81
1689312682.883141,32.71075617669079,437,81
1689312682.92358,24.72867056180835,437,81
1689312682.956725,30.170507840598475,437,81
1689312682.984172,36.433557443407864,437,81
1689312683.016158,31.263679663682645,437,81
1689312683.054427,26.130944296652565,437,81
1689312683.089415,28.581093144169376,437,81
1689312683.121349,31.314563875139054,437,81
1689312683.157971,27.306133343749796,437,81
1689312683.1845,37.694493623675534,437,81
1689312683.214393,33.45273568352209,437,81
1689312683.254472,24.950649597867987,437,81
1689312683.283346,34.633329479959706,437,81
1689312683.317341,29.415959491114133,437,81
1689312683.345874,35.0471606671346,437,81
1689312683.38548,25.248791528964176,437,81
1689312683.417072,31.65345227044609,438,82
1689312683.449634,30.7106278601501,438,82
1689312683.487293,26.5541268605218,437,81
1689312683.51933,31.213889695102438,437,81
1689312683.555753,27.455203608061844,437,81
1689312683.588951,30.122189266246778,437,81
1689312683.619851,32.36245794882874,437,81
1689312683.651762,31.33725830070829,437,81
1689312683.681379,33.76431095690814,437,81
1689312683.723052,23.99638421182111,437,81
1689312683.761487,26.017964369013946,437,81
1689312683.792746,31.990725345130045,437,81
1689312683.82599,30.080711442607665,437,81
1689312683.871246,22.096450283956212,437,81
1689312683.884137,77.57460975068432,437,81
1689312683.917883,29.633138101327532,437,80
1689312683.953107,28.389573645771993,437,80
1689312683.988531,28.229453691302272,438,80
1689312684.022492,29.445697196051725,437,80
1689312684.055085,30.681423503163746,436,79
1689312684.086628,31.702738452468235,437,80
1689312684.120759,29.29883483751991,437,80
1689312684.155794,28.542971275357782,437,80
1689312684.19594,24.90901208539953,437,80
1689312684.229957,29.396991827752,438,80
1689312684.260076,33.201697169273636,436,79
1689312684.301264,24.27891522676623,437,80
1689312684.331257,33.341049284578695,437,80
1689312684.35755,38.03322451940515,437,80
1689312684.392688,28.459112498303703,437,80
1689312684.427293,28.897536239872128,437,80
1689312684.458074,32.48754114867743,437,80
1689312684.495901,26.436133066091845,436,79
1689312684.529631,29.6473814791515,437,80
1689312684.553685,41.573039944494006,437,80
1689312684.592239,25.937677404194005,437,80
1689312684.626787,28.94519857837894,437,80
1689312684.664659,26.404678715997154,437,80
1689312684.69877,29.316036680832028,437,80
1689312684.730567,31.44957485416073,437,80
1689312684.772251,23.990070638030144,437,80
1689312684.797865,39.04111399663046,437,80
1689312684.83006,31.060635682336564,437,81
1689312684.873819,22.85238559652172,437,81
1689312684.898962,39.772646671155066,437,81
1689312684.934029,28.51677295658204,437,80
1689312684.965448,31.82807709819396,437,80
1689312684.993974,35.05565538626125,437,80
1689312685.033304,25.425879899613243,437,80
1689312685.066804,29.85078535894498,438,80
1689312685.098622,31.428601401221385,437,80
1689312685.137342,25.826517983042184,437,80
1689312685.163365,38.42767618279767,437,81
1689312685.200267,27.098663255351177,437,81
1689312685.230355,33.23589914261716,437,81
1689312685.26558,28.38899718431882,437,81
1689312685.29902,29.90420510773004,437,81
1689312685.333812,28.742283866016116,437,81
1689312685.366171,30.90341357028654,437,81
1689312685.402444,27.568713027474693,437,81
1689312685.441753,25.43945073207419,437,81
1689312685.468328,37.62922557955932,437,81
1689312685.503452,28.470509974816895,437,81
1689312685.536843,29.9481906720361,437,81
1689312685.572927,27.71316246770666,437,81
1689312685.608989,27.73001884235232,437,81
1689312685.634986,38.46609011454617,437,81
1689312685.673761,25.789834843882584,437,81
1689312685.706026,30.993157466932683,437,81
1689312685.740022,29.415340594295493,437,81
1689312685.770763,32.529871177396714,437,81
1689312685.80466,29.500995252329876,437,81
1689312685.837934,30.053553643209778,437,81
1689312685.879588,24.00737225901356,437,81
1689312685.903551,41.730631087763285,437,81
1689312685.934977,31.82083301722176,437,81
1689312685.971973,27.030031191194286,437,81
1689312686.004479,30.76356168402523,437,81
1689312686.045962,24.106165190553643,437,81
1689312686.078883,30.375898030127463,437,81
1689312686.105661,37.344112540622355,437,81
1689312686.140148,28.996425830804224,437,81
1689312686.169744,33.788246666935194,437,81
1689312686.207569,26.437632761631022,437,81
1689312686.244251,27.261231281198004,437,81
1689312686.275207,32.30388404100463,437,81
1689312686.310157,28.612288612534194,437,81
1689312686.340818,32.61486302594847,437,81
1689312686.384748,22.76345953456061,437,81
1689312686.415368,32.65828856186249,437,81
1689312686.442936,36.274120455253055,437,81
1689312686.481504,25.928217301534314,437,81
1689312686.507246,38.84693896452718,437,81
1689312686.544027,27.187896623474277,437,81
1689312686.575686,31.5867065300067,437,81
1689312686.605604,33.424743993305974,437,81
1689312686.641441,27.903986375006653,437,81
1689312686.676209,28.76219081514397,437,81
1689312686.708837,30.648466957004647,437,81
1689312686.742857,29.394519587917863,437,81
1689312686.781077,26.164360660237296,437,81
1689312686.812877,31.446509570472113,437,81
1689312686.850061,26.89328742442021,437,81
1689312686.881644,31.662532366063004,437,81
1689312686.918015,27.494437925677314,437,81
1689312686.948951,32.324796732303184,437,81
1689312687.002487,18.679041265486806,437,81
1689312687.015763,75.32332447381654,437,81
1689312687.04845,30.593250133115486,437,81
1689312687.083024,28.923441874577627,437,81
1689312687.114478,31.792371596628463,437,81
1689312687.15117,27.2539685633898,437,81
1689312687.185805,28.87247194878502,437,81
1689312687.214123,35.31331772946941,437,81
1689312687.250246,27.683164918718774,437,81
1689312687.282586,30.921411931231752,437,81
1689312687.316564,29.430820831637593,437,81
1689312687.350998,29.041197568304877,437,81
1689312687.384542,29.811534251638307,437,81
1689312687.419608,28.51754851167408,437,81
1689312687.452362,30.53067404280099,437,81
1689312687.492693,24.794892409553086,437,81
1689312687.516035,42.84098708939369,437,81
1689312687.545763,33.63839343000128,437,81
1689312687.585028,25.468027615687753,437,81
1689312687.61506,33.29764059572576,437,81
1689312687.650128,28.516191317945406,437,81
1689312687.689375,25.47963113708433,437,81
1689312687.71864,34.17031780817454,437,81
1689312687.759844,24.26950272534747,437,81
1689312687.788175,35.29697296114585,437,81
1689312687.818663,32.80003128054741,437,81
1689312687.851996,30.000243188922028,437,81
1689312687.888563,27.347081950538882,437,81
1689312687.919314,32.519278332131584,437,81
1689312687.959474,24.90028733585049,437,81
1689312687.990425,32.309109676624196,437,81
1689312688.020047,33.75887575155139,437,81
1689312688.054997,28.612288612534194,437,81
1689312688.08995,28.609751439251315,437,81
1689312688.120852,32.36046045119279,437,81
1689312688.150437,33.800772026529344,437,81
1689312688.186471,27.751669015528957,437,81
1689312688.221806,28.30050065449442,437,81
1689312688.256658,28.692734984265975,437,81
1689312688.286621,33.37447682098127,437,81
1689312688.321169,28.94539833268923,437,81
1689312688.355461,29.161335178090955,437,81
1689312688.386577,32.137797869895024,437,81
1689312688.419774,30.12305460395435,437,81
1689312688.455349,28.109696271077393,437,81
1689312688.488952,29.75928934802506,437,81
1689312688.525579,27.302222945484132,437,81
1689312688.554802,34.21966223382557,437,81
1689312688.587624,30.46724681475455,437,81
1689312688.627676,24.96758140365498,437,81
1689312688.655632,35.770485092447295,437,81
1689312688.701903,21.611768646141954,437,81
1689312688.731609,33.66323156441619,437,81
1689312688.766878,28.353685576767077,437,81
1689312688.797511,32.6443086741643,437,81
1689312688.828696,32.06678950144879,437,81
1689312688.860018,31.926439021419764,437,81
1689312688.89401,29.418641678298133,437,81
1689312688.922659,34.90541102844493,437,81
1689312688.958086,28.22698395606762,437,81
1689312688.998592,24.687770021307404,437,81
1689312689.031571,30.32231572250658,437,81
1689312689.066782,28.400146256246362,437,81
1689312689.092016,39.629097024726235,437,81
1689312689.132495,24.704201294608936,437,81
1689312689.161407,34.58763379677733,437,81
1689312689.199455,26.282570417019144,437,81
1689312689.230358,32.35946179484014,437,81
1689312689.266795,27.444604391865365,437,81
1689312689.299659,30.428345497018324,437,81
1689312689.33205,30.872705324677238,437,81
1689312689.364666,30.659892837040665,437,81
1689312689.401852,26.89190800736044,437,81
1689312689.429723,35.87941830624465,437,81
1689312689.467273,26.631177934677705,437,81
1689312689.501658,29.082477586481858,437,81
1689312689.52847,37.29662629603941,437,81
1689312689.563128,28.85340450999546,437,81
1689312689.595933,30.48318967396834,437,81
1689312689.63271,27.190892942808613,437,81
1689312689.665776,30.242513825898232,437,81
1689312689.693403,36.196485898719324,437,81
1689312689.733559,24.902948475888522,437,81
1689312689.766052,30.775750994232716,437,81
1689312689.801937,27.86672247579943,437,81
1689312689.835438,29.849935593147965,437,81
1689312689.868285,30.44424765914205,437,81
1689312689.898803,32.76748800799987,437,81
1689312689.938334,25.296607460571153,437,81
1689312689.969806,31.77430815966304,437,81
1689312690.004697,28.660580549937134,437,81
1689312690.037957,30.066264282949348,437,81
1689312690.068481,32.76108945769252,437,81
1689312690.104204,27.993192420895262,437,81
1689312690.132749,35.03223166036065,437,81
1689312690.175765,23.247187150125818,437,81
1689312690.213743,26.331079596461823,437,81
1689312690.238897,39.75492872308159,437,81
1689312690.273605,28.81178216189482,437,81
1689312690.304715,32.144201587934155,437,81
1689312690.337723,30.295595394594283,437,81
1689312690.382927,22.121973217158317,437,81
1689312690.416445,29.83464807767543,437,81
1689312690.442566,38.28351846950045,437,81
1689312690.475131,30.70770492283363,437,81
1689312690.515196,24.959409681930435,437,81
1689312690.541599,37.87455527261563,437,81
1689312690.575966,29.097811231745812,438,82
1689312690.603774,35.960629651222604,437,81
1689312690.640058,27.56038006124085,437,81
1689312690.670186,33.19171296076476,437,81
1689312690.71493,22.349357915489957,437,81
1689312690.748179,30.076181734740707,437,81
1689312690.782357,29.2585714983293,437,81
1689312690.813126,32.500127852466,437,81
1689312690.846838,29.66310697463896,437,81
1689312690.884378,26.638281656864862,437,81
1689312690.916035,31.588609644597415,437,81
1689312690.955196,25.535631008261646,437,81
1689312690.983096,35.84231890002649,437,81
1689312691.016922,29.5629594648886,437,81
1689312691.048248,31.922308225068686,437,81
1689312691.079958,31.535883188848203,437,81
1689312691.119129,25.529103137648743,437,81
1689312691.153323,29.24490308185748,437,81
1689312691.189249,27.834913893220957,437,81
1689312691.218985,33.629223392825644,437,81
1689312691.257314,26.089983391700827,437,81
1689312691.289401,31.16518431005402,437,81
1689312691.324403,28.569801578922274,437,81
1689312691.354299,33.44926750297066,437,81
1689312691.386654,30.90728486581286,438,83
1689312691.416382,33.638123651645294,437,82
1689312691.452674,27.554405166240745,437,82
1689312691.483769,32.15948229593167,437,81
1689312691.522778,25.635047917074125,437,81
1689312691.557647,28.678805615004343,437,81
1689312691.591554,29.49249029645047,437,81
1689312691.622772,32.03274832363409,437,81
1689312691.660546,26.473175288444544,437,81
1689312691.696782,27.596828634404712,437,81
1689312691.725879,34.36799108496325,437,81
1689312691.757899,31.23039120787479,437,81
1689312691.794128,27.602276989898325,437,81
1689312691.821073,37.112479648899274,437,81
1689312691.855935,28.684493441479393,437,81
1689312691.887304,31.878635869606523,437,81
1689312691.921423,29.309276405436567,437,81
1689312691.960038,25.896680105950125,437,81
1689312691.9902,33.15419456323266,437,81
1689312692.020503,33.000031471282455,437,81
1689312692.055791,28.338360088643856,437,81
1689312692.096869,24.34387732596608,437,81
1689312692.130646,29.605946171058296,438,82
1689312692.159748,34.36179677707413,437,81
1689312692.193979,29.213331011666376,437,81
1689312692.227446,29.880131936083664,437,81
1689312692.270204,23.387442845990854,437,81
1689312692.295639,39.31594833242721,437,81
1689312692.331347,28.004967617012753,437,81
1689312692.362639,31.957088869925638,437,81
1689312692.400097,26.696607472471516,437,81
1689312692.43464,28.949393997956985,437,81
1689312692.461172,37.69009021961828,437,81
1689312692.50297,23.924660464426484,437,81
1689312692.531883,34.586492949616556,437,81
1689312692.567029,28.4527416170894,437,81
1689312692.592422,39.38091750699491,437,81
1689312692.633547,24.31607446185598,437,81
1689312692.669168,28.07338442488538,437,81
1689312692.698241,34.39617519948172,437,81
1689312692.73197,29.648010178836504,437,81
1689312692.761028,34.4139549385451,437,81
1689312692.794687,29.70975236584122,437,81
1689312692.826631,31.304747617235023,437,81
1689312692.864167,26.641158050521796,437,81
1689312692.900674,27.391909719047558,437,81
1689312692.928601,35.80774156094729,437,81
1689312692.96366,28.523366519775855,437,81
1689312693.002213,25.9383190169632,437,81
1689312693.030411,35.46350331019438,437,81
1689312693.069339,25.688429407873784,437,81
1689312693.097995,34.89669861554846,437,81
1689312693.132521,28.96378753142005,437,81
1689312693.164526,31.245048011382682,437,81
1689312693.198478,29.453347845932377,437,81
1689312693.244492,21.732482888335053,437,81
1689312693.278747,29.19279489963529,437,81
1689312693.30244,42.206832704402515,437,81
1689312693.336795,29.107705973795248,437,81
1689312693.368339,31.70177997808095,437,81
1689312693.405643,26.806830964311278,437,81
1689312693.436849,32.0449850253652,437,81
1689312693.472386,28.139870649169417,437,81
1689312693.520372,20.839398215314905,437,81
1689312693.539707,51.71959505283796,437,81
1689312693.570193,32.8018268839741,437,81
1689312693.602984,30.49626640491511,437,81
1689312693.644202,24.261220145649318,437,81
1689312693.669248,39.92635957772891,437,81
1689312693.708802,25.281969367273252,437,81
1689312693.737067,35.37944530670086,438,82
1689312693.783241,21.657186525393975,437,81
1689312693.802791,51.15067256917767,437,81
1689312693.840719,26.365838786530134,437,81
1689312693.874561,29.549005241503693,437,81
1689312693.903781,34.223292019223706,437,81
1689312693.939716,27.827896206949173,437,81
1689312693.974265,28.944399588707395,437,81
1689312694.008159,29.503900507171448,437,81
1689312694.042878,28.80268091359822,437,81
1689312694.074654,31.47010406740747,437,81
1689312694.111335,27.262117243306836,437,81
1689312694.143054,31.526875577838076,437,81
1689312694.174797,31.50295929097191,437,81
1689312694.210829,27.753138047628184,437,81
1689312694.246102,28.350235896881294,437,81
1689312694.275315,34.231392008357275,437,81
1689312694.317757,23.561652454301345,437,81
1689312694.350695,30.360067172389833,437,81
1689312694.378227,36.321238677497014,437,81
1689312694.407472,34.193996510736824,437,81
1689312694.447078,25.2486395376836,437,81
1689312694.482065,28.582066972864677,437,81
1689312694.513907,31.40506907266669,437,81
1689312694.553708,25.124920629215637,437,81
1689312694.579112,39.36391620992567,437,81
1689312694.609612,32.786954958335286,437,81
1689312694.642346,30.549353222235172,437,81
1689312694.677361,28.559102298725353,437,81
1689312694.712777,28.23591504257969,437,81
1689312694.741136,35.26195700606152,437,81
1689312694.778666,26.64538916982187,437,81
1689312694.810768,31.150833673734635,438,82
1689312694.843066,30.96158502376945,438,82
1689312694.882,25.68449672690308,437,81
1689312694.913907,31.341004871925158,437,81
1689312694.948511,28.89853175232019,437,81
1689312694.98052,31.24109164581099,437,81
1689312695.011925,31.84209167792776,437,81
1689312695.045917,29.418641678298133,437,81
1689312695.0764,32.805162097688786,437,81
1689312695.11459,26.18494194031714,437,81
1689312695.153813,25.49527392971984,437,81
1689312695.185276,31.783216889198734,437,81
1689312695.217677,30.86316409124356,437,81
1689312695.262254,22.43315201985356,437,81
1689312695.275917,73.19008149091734,437,81
1689312695.310951,28.543748256126527,437,80
1689312695.344858,29.49249029645047,437,80
1689312695.382107,26.846294660573243,438,80
1689312695.413776,31.576718939388236,437,80
1689312695.445378,31.64342243245894,436,79
1689312695.477697,30.941713695547932,437,80
1689312695.511149,29.893548479060353,437,80
1689312695.546867,27.997116385870292,437,80
1689312695.583793,27.08116658811072,437,80
1689312695.624816,24.376559748464224,438,80
1689312695.655605,32.47898775737771,436,79
1689312695.6936,26.319348401751984,437,80
1689312695.723038,33.96967733575224,437,80
1689312695.749483,37.814116607614565,437,80
1689312695.781928,30.82143382028747,437,80
1689312695.820344,26.03088227992652,437,80
1689312695.85075,32.88824765549039,437,80
1689312695.888708,26.34480679362846,436,79
1689312695.919322,32.66490140494066,437,80
1689312695.947041,36.07631040236707,437,80
1689312695.983441,27.47246729939151,437,80
1689312696.018729,28.338360088643856,437,80
1689312696.055002,27.568713027474693,437,80
1689312696.088839,29.55337753570598,437,80
1689312696.121889,30.25713090274271,437,80
1689312696.163744,23.892088953700327,437,80
1689312696.189618,38.64863071762928,437,80
1689312696.220396,32.49081275369504,437,81
1689312696.265548,22.14743823298008,437,81
1689312696.290869,39.49290045572671,437,81
1689312696.328634,26.479526256644654,437,80
1689312696.356946,35.32075217475516,437,80
1689312696.387817,32.392950371480204,437,80
1689312696.427058,25.483501327549227,437,80
1689312696.45813,32.18341837713409,438,80
1689312696.491271,30.17398060487468,437,80
1689312696.528571,26.809743874922496,437,80
1689312696.555991,36.46967167501391,437,81
1689312696.592571,27.337278723570666,437,81
1689312696.622821,33.05777203297656,437,81
1689312696.658513,28.01750131927884,437,81
1689312696.692354,29.550046146584094,437,81
1689312696.72677,29.056286412979475,437,81
1689312696.758466,31.5496415757129,437,81
1689312696.794428,27.807048715160835,437,81
1689312696.836018,24.044255650907758,437,81
1689312696.862636,37.56855719967038,437,81
1689312696.897224,28.911878239770598,437,81
1689312696.929245,31.229461081411106,437,81
1689312696.964486,28.376128975516032,437,81
1689312697.002661,26.195081127668345,437,81
1689312697.032487,33.52787792068682,437,81
1689312697.065105,30.657875886265625,437,81
1689312697.093951,34.666820950664935,437,81
1689312697.129697,27.97508170479557,437,81
1689312697.164154,29.02170588764418,437,81
1689312697.19706,30.389543392890783,437,81
1689312697.228394,31.914292671049427,437,81
1689312697.267967,25.269783890927275,437,81
1689312697.295907,35.790936009352414,437,81
1689312697.328913,30.29756495734522,437,81
1689312697.362423,29.841865230414584,437,81
1689312697.397265,28.700981264284444,437,81
1689312697.438743,24.109075023567012,437,81
1689312697.472045,30.028379558699292,437,81
1689312697.49803,38.483736890878895,437,81
1689312697.532091,29.359129789587154,437,81
1689312697.563708,31.62838958766929,437,81
1689312697.599956,27.587752820074325,437,81
1689312697.635894,27.825680830596742,437,81
1689312697.664815,34.57708383139741,437,81
1689312697.702303,26.675214327507696,437,81
1689312697.735884,29.7787275735007,437,81
1689312697.777113,24.25476646214877,437,81
1689312697.810158,30.261715283439514,437,81
1689312697.837404,36.70263742802639,437,81
1689312697.870349,30.353695515302395,437,81
1689312697.898006,36.157169703970624,437,81
1689312697.93611,26.243924414966838,437,81
1689312697.968643,30.738085641209793,437,81
1689312697.997809,34.28651772649614,437,81
1689312698.034702,27.105317918328044,437,81
1689312698.068698,29.415340594295493,437,81
1689312698.101486,30.49892745213528,437,81
1689312698.136613,28.46819110450476,437,81
1689312698.17233,27.997863932500266,437,81
1689312698.20492,30.684116962829112,437,81
1689312698.23658,31.585755058701267,437,81
1689312698.271672,28.49642971186314,437,81
1689312698.30826,27.331400160301314,437,81
1689312698.338334,33.251181227207866,437,81
1689312698.37331,28.59102931152011,437,81
1689312698.407928,28.88678907422967,437,81
1689312698.43789,33.37553911036842,437,81
1689312698.474687,27.17609402739442,437,81
1689312698.506735,31.203207879838416,437,81
1689312698.541599,28.682924160568966,437,81
1689312698.578418,27.159904163698762,437,81
1689312698.607825,34.00548069595109,437,81
1689312698.641692,29.52737102951115,437,81
1689312698.674199,30.762433532582786,437,81
1689312698.710414,27.612998367303945,437,81
1689312698.744271,29.53589611779701,437,81
1689312698.778657,29.08167100017334,437,81
1689312698.810657,31.249936670193268,437,81
1689312698.844725,29.35317129840228,437,81
1689312698.880059,28.301264490357756,437,81
1689312698.908622,35.01030032887598,437,81
1689312698.938368,33.617902600109005,437,81
1689312698.976151,26.466994377591135,437,81
1689312699.007016,32.39920591393281,437,81
1689312699.040405,29.949901459541287,437,81
1689312699.079794,25.387866278471513,437,81
1689312699.108432,34.91848780772081,437,81
1689312699.152838,22.519511199879734,437,81
1689312699.178846,38.449869367924094,437,81
1689312699.20804,34.25347695775384,437,81
1689312699.245001,27.0554874666185,437,81
1689312699.279147,29.28615118211398,437,81
1689312699.313559,29.0595073959885,437,81
1689312699.351328,26.476851793402098,437,81
1689312699.381178,33.50083067092652,437,81
1689312699.41288,31.54370976475543,437,81
1689312699.448752,27.876909170665567,437,81
1689312699.4808,31.203207879838416,437,81
1689312699.5137,30.395049024225866,437,81
1689312699.545914,31.042474928764385,437,81
1689312699.579429,29.837407165011523,437,81
1689312699.613334,29.494149414941493,437,81
1689312699.648283,28.613069371772394,437,81
1689312699.678693,32.883864240409565,437,81
1689312699.715066,27.492996152308287,437,81
1689312699.749519,29.024919208066045,437,81
1689312699.780155,32.64151413273565,437,81
1689312699.812827,30.607091515430138,437,81
1689312699.850541,26.515349213574066,437,81
1689312699.878737,35.46620216130287,437,81
1689312699.916704,26.33868567301956,437,81
1689312699.947465,32.508692383410455,437,81
1689312699.980273,30.4803098679573,437,81
1689312700.018208,26.36086757043825,437,81
1689312700.047343,34.32299244687032,437,81
1689312700.092734,22.030758887301452,437,81
1689312700.121898,34.289040401563085,437,81
1689312700.159702,26.45213859562821,437,81
1689312700.189683,33.35457140812253,437,81
1689312700.221672,31.260650508302774,437,81
1689312700.252829,32.095498997566615,437,81
1689312700.285012,31.07237100418565,437,81
1689312700.315265,33.05464575616676,437,81
1689312700.353424,26.206046822575303,437,81
1689312700.391138,26.515349213574066,437,81
1689312700.424708,29.788667774605475,437,81
1689312700.457627,30.377438021915943,437,81
1689312700.484166,37.68060945809975,437,81
1689312700.524573,24.748076469199905,437,81
1689312700.552951,35.23855292121049,437,81
1689312700.591827,25.72293124490209,437,81
1689312700.62315,31.925223970345336,437,81
1689312700.660087,27.07312570598677,437,81
1689312700.692609,30.748451325811725,437,81
1689312700.724916,30.953130880779305,437,81
1689312700.756712,31.450518138600202,437,81
1689312700.794789,26.262493190655388,437,81
1689312700.820155,39.42311451988871,437,81
1689312700.859786,25.23269063016995,437,81
1689312700.892404,30.657875886265625,437,81
1689312700.920898,35.09525403306781,437,81
1689312700.956397,28.169731486829555,437,81
1689312700.98599,33.791785501361566,437,81
1689312701.024328,26.083817886704686,437,81
1689312701.056016,31.557712419775935,437,81
1689312701.086166,33.16756551582343,437,81
1689312701.125814,25.221917544619235,437,81
1689312701.156234,32.87303963445697,437,81
1689312701.192569,27.521679790026248,437,81
1689312701.224885,30.94445305179906,437,81
1689312701.254571,33.685941917244925,437,81
1689312701.290954,27.485249210364216,437,81
1689312701.330373,25.3685184625155,437,81
1689312701.361329,32.30388404100463,437,81
1689312701.395457,29.301495707090112,437,81
1689312701.428897,29.90441831780232,437,81
1689312701.458813,33.42687504482893,437,81
1689312701.492363,29.80623796360122,437,81
1689312701.523828,31.781290254140966,437,81
1689312701.566827,23.25633902778471,437,81
1689312701.606364,25.292793825001507,437,81
1689312701.631343,40.03382679991219,437,81
1689312701.667212,27.879132712069445,437,81
1689312701.698121,32.35297203066907,437,81
1689312701.734337,27.612089452998994,437,81
1689312701.774208,25.080900072355007,437,81
1689312701.811331,26.93750361260075,437,81
1689312701.83694,39.04874688116784,437,81
1689312701.869464,30.746648095883884,437,81
1689312701.906655,26.888115339987564,437,81
1689312701.940156,29.849935593147965,437,81
1689312701.970564,32.886184726360355,438,82
1689312701.999002,35.1641040258891,437,81
1689312702.032951,29.455829991642847,437,81
1689312702.062175,34.21854553167882,437,81
1689312702.108047,21.79980353532466,437,81
1689312702.141333,30.042575136807724,437,81
1689312702.176126,28.741496039251157,437,81
1689312702.206261,33.184097472210134,437,81
1689312702.238775,30.75589188555003,437,81
1689312702.275634,27.13038978512012,437,81
1689312702.30702,31.86144239680345,437,81
1689312702.345458,26.015866419387052,437,81
1689312702.378912,29.891844123264633,437,81
1689312702.40816,34.19037293662115,437,81
1689312702.439339,32.07291969351706,437,81
1689312702.471875,30.73515747512201,437,81
1689312702.511682,25.121158580044682,437,81
1689312702.54646,28.75390932960396,437,81
1689312702.582086,28.069251206274636,437,81
1689312702.612165,33.24590995561192,437,81
1689312702.65116,25.64429526097935,437,81
1689312702.685929,28.761204673871305,437,81
1689312702.714105,35.4914112609792,437,81
1689312702.745903,31.44839582817854,437,81
1689312702.779056,30.163130870021718,438,83
1689312702.807831,34.75241733020689,437,82
1689312702.843585,27.968925668331522,437,82
1689312702.875572,31.262747553349286,437,81
1689312702.915466,25.066360680818512,437,81
1689312702.950288,28.717488052364192,437,81
1689312702.979261,34.51505501106804,437,81
1689312703.013582,29.1366209804589,437,81
1689312703.052679,25.57736378327286,437,81
1689312703.089307,27.301512084307,437,81
1689312703.115608,38.021502257193106,437,81
1689312703.146906,31.95100287187769,437,81
1689312703.186196,25.451645984404866,437,81
1689312703.212949,37.37905712503342,437,81
1689312703.247099,29.282675323768633,437,81
1689312703.279477,30.885208721456817,437,81
1689312703.313966,28.994621797619214,437,81
1689312703.351705,26.497760425550734,437,81
1689312703.382405,32.57332349629169,437,81
1689312703.414933,30.742816934443532,437,81
1689312703.448023,30.220505800129693,437,81
1689312703.489715,23.985406218369178,437,81
1689312703.523348,29.73270857110451,438,82
1689312703.552913,33.82394116318829,437,81
1689312703.585218,30.954958412363375,437,81
1689312703.619606,29.079856344551214,437,81
1689312703.660801,24.274840262987315,437,81
1689312703.689665,34.645058439681165,437,81
1689312703.723021,29.97965762481684,437,81
1689312703.752423,34.01127139741001,437,81
1689312703.791937,25.307444459193647,437,81
1689312703.826639,28.816928890415664,437,81
1689312703.852941,38.019779004523244,437,81
1689312703.895808,23.327997686279527,437,81
1689312703.923778,35.752495418318205,437,81
1689312703.957334,29.800943557096573,437,81
1689312703.982829,39.22329661286401,437,81
1689312704.02537,23.506851464728268,437,81
1689312704.060552,28.42362635873248,437,81
1689312704.088479,35.80743586460068,437,81
1689312704.118088,33.77355482369614,437,81
1689312704.15284,28.775411635565312,437,81
1689312704.189361,27.381359306963656,437,81
1689312704.218503,34.31484905506013,437,81
1689312704.253993,28.176922663513732,437,81
1689312704.292003,26.308947781088285,437,81
1689312704.320794,34.732848069295045,437,81
1689312704.35258,31.46042604260426,437,81
1689312704.394249,23.998718330167303,437,81
1689312704.421451,36.76182796641366,437,81
1689312704.460151,25.839883192971865,437,81
1689312704.489946,33.56275556337972,437,81
1689312704.523435,29.860348559061396,437,81
1689312704.556805,29.96723419760937,437,81
1689312704.591561,28.771858579483872,437,81
1689312704.636149,22.427634146993558,437,81
1689312704.671409,28.360779222535516,437,81
1689312704.697126,38.884754090761604,437,81
1689312704.732783,28.044852464277835,437,81
1689312704.760581,35.973892086145824,437,81
1689312704.7971,27.382968166505627,437,81
1689312704.828545,31.801531579346424,437,81
1689312704.865118,27.342625066819647,437,81
1689312704.911065,21.764171111895223,437,81
1689312704.933133,45.314923454229195,437,81
1689312704.964127,32.26412510865468,437,81
1689312704.994278,33.166516423905996,437,81
1689312705.036066,23.93025697202063,437,81
1689312705.064268,35.45840660083863,437,81
1689312705.096986,30.564268485524195,437,81
1689312705.128662,31.5695888121994,438,82
1689312705.175115,21.52713536373808,437,81
1689312705.195428,49.23007582337613,437,81
1689312705.231711,27.561104467019753,437,81
1689312705.265248,29.817680304269008,437,81
1689312705.296774,31.720000907516507,437,81
1689312705.330325,29.80539073214755,437,81
1689312705.367468,26.922806341870466,437,81
1689312705.400441,30.328016312600326,437,81
1689312705.431651,32.04082349795653,437,81
1689312705.468959,26.80391868661371,437,81
1689312705.502384,29.917856684308887,437,81
1689312705.535732,29.9867307252345,437,81
1689312705.569359,29.737978758100425,437,81
1689312705.604556,28.41149654196048,437,81
1689312705.638998,29.034362453274262,437,81
1689312705.66609,36.911292593635594,437,81
1689312705.711197,22.1695631950611,437,81
1689312705.745187,29.420292498158734,437,81
1689312705.770745,39.12670012500233,437,81
1689312705.799666,34.57708383139741,437,81
1689312705.839475,25.119954962238953,437,81
1689312705.876338,27.12740678459399,437,81
1689312705.905787,33.957026506258195,437,81
1689312705.94373,26.355235791259542,437,81
1689312705.970338,37.582695650615584,437,81
1689312706.000656,32.98394174360265,437,81
1689312706.034969,29.143301834352418,437,81
1689312706.066969,31.250169501627962,437,81
1689312706.104049,26.968680276482882,437,81
1689312706.131255,36.75667338532995,437,81
1689312706.171246,25.005538498226368,437,81
1689312706.202724,31.768291574514496,438,82
1689312706.233876,32.10065742647002,438,82
1689312706.274672,24.51218215076763,437,81
1689312706.306983,30.949248092560616,437,81
1689312706.343144,27.65414386497,437,81
1689312706.372662,33.87748772292582,437,81
1689312706.405791,30.185055378437312,437,81
1689312706.436427,32.64126010723986,437,81
1689312706.468516,31.163331872116263,437,81
1689312706.507359,25.744719768719424,437,81
1689312706.545142,26.466994377591135,437,81
1689312706.57844,30.031819678939154,437,81
1689312706.611833,29.946266269696775,437,81
1689312706.654857,23.24293591200022,437,81
1689312706.670032,65.89740608650568,437,81
1689312706.703415,29.95546286905969,437,80
1689312706.74083,26.727228700694578,437,80
1689312706.776336,28.16424595260638,438,80
1689312706.805255,34.57936435961911,437,80
1689312706.839023,29.61368033099397,436,79
1689312706.874535,28.159518758224348,437,80
1689312706.903028,35.09642869096629,437,80
1689312706.940328,26.809743874922496,437,80
1689312706.976376,27.740656229951654,437,80
1689312707.013858,26.679456272143806,438,80
1689312707.043624,33.59555295681915,436,79
1689312707.085518,23.869789888228734,437,80
1689312707.120093,28.922444645184424,437,80
1689312707.149073,34.50682023858494,437,80
1689312707.179757,32.59002789454463,437,80
1689312707.215007,28.36883577163187,437,80
1689312707.245495,32.799774781819885,436,79
1689312707.283663,26.199990005496975,437,80
1689312707.316855,30.127814850197893,437,80
1689312707.346527,33.70164076686969,437,80
1689312707.381241,28.806835117890675,437,80
1689312707.415227,29.42400752032663,437,80
1689312707.45044,28.398607932617438,437,80
1689312707.484683,29.202957681756786,437,80
1689312707.518927,29.202144398802478,437,80
1689312707.558947,24.987513106472214,437,80
1689312707.589516,32.71305229497329,437,81
1689312707.616152,37.54300035803795,437,81
1689312707.656744,24.635423335584857,437,81
1689312707.684816,35.622836371048564,437,81
1689312707.719373,28.937609957017585,437,80
1689312707.75009,32.555372721910025,437,80
1689312707.778948,34.6522141440846,437,80
1689312707.818394,25.35119191528456,437,80
1689312707.851699,30.02537009993414,438,80
1689312707.883026,31.921579371965233,437,80
1689312707.921168,26.217677209651207,437,80
1689312707.948071,37.17069452937371,437,81
1689312707.984574,27.394951177296626,437,81
1689312708.017149,30.698490071653893,437,81
1689312708.05059,29.90335229784261,437,81
1689312708.083821,30.0923655304525,437,81
1689312708.11851,28.82762412712377,437,81
1689312708.149781,31.978530039646234,437,81
1689312708.182947,30.15142191678408,437,81
1689312708.224735,23.93025697202063,437,81
1689312708.252999,35.38063906603232,437,81
1689312708.287765,28.763768781845986,437,81
1689312708.326784,25.62862572331156,437,81
1689312708.358197,31.833874738152343,437,81
1689312708.394465,27.572518883242726,437,81
1689312708.420517,38.38477166651414,437,81
1689312708.456878,27.5020097174593,437,81
1689312708.488467,31.65655803281658,437,81
1689312708.524004,28.139681858131,437,81
1689312708.556857,30.438503294725535,437,81
1689312708.596412,25.281359814351585,437,81
1689312708.623101,37.46854621143092,437,81
1689312708.661091,26.322651905963273,437,81
1689312708.694362,30.056353369449937,437,81
1689312708.722965,34.96127365174627,437,81
1689312708.756312,29.98780269827765,437,81
1689312708.789327,30.289250767286514,437,81
1689312708.829274,25.033148313936138,437,81
1689312708.865299,27.75846459298478,437,81
1689312708.892528,36.72545465689494,437,81
1689312708.925535,30.296689564507624,437,81
1689312708.959988,29.024919208066045,437,81
1689312708.993008,30.284876710350556,437,81
1689312709.031227,26.164850314716507,437,81
1689312709.064262,30.271106684565307,437,81
1689312709.09725,30.313987944666888,437,81
1689312709.125526,35.3657228621056,437,81
1689312709.169875,22.548445538752667,437,81
1689312709.200974,32.15529097892502,437,81
1689312709.228831,35.89753596768258,437,81
1689312709.267966,25.552587971537186,437,81
1689312709.294525,37.6521957700456,437,81
1689312709.329177,28.858367563179005,437,81
1689312709.361423,31.011489833641406,437,81
1689312709.389864,35.160566686226844,437,81
1689312709.42616,27.551147224393546,437,81
1689312709.460469,29.146947227974593,437,81
1689312709.49395,29.86779084092317,437,81
1689312709.528323,29.092563691727186,437,81
1689312709.565332,27.020453915878036,437,81
1689312709.598988,29.712277917882748,437,81
1689312709.629101,33.20826900390331,437,81
1689312709.664287,28.420352213360797,437,81
1689312709.7022,26.376284445786013,437,81
1689312709.736133,29.469696330958502,437,81
1689312709.766273,33.17858498924187,437,81
1689312709.803942,26.54706794518814,437,81
1689312709.831769,35.93628925159577,437,81
1689312709.868611,27.142855293896858,437,81
1689312709.900366,31.491132967940537,437,81
1689312709.934465,29.32649051537886,437,81
1689312709.970846,27.48687030204531,437,81
1689312709.999309,35.13317641540253,437,81
1689312710.034671,28.27893931323701,437,81
1689312710.066418,31.499173901288714,437,81
1689312710.10166,28.37516912918764,437,81
1689312710.135717,29.362623823024958,437,81
1689312710.168245,30.74259160173858,437,81
1689312710.204002,27.966687781296883,437,81
1689312710.236757,30.529562907158713,437,81
1689312710.270469,29.66310697463896,437,81
1689312710.301083,32.664647015303146,437,81
1689312710.332246,32.08936017198773,437,81
1689312710.367685,28.21748900041711,437,81
1689312710.399243,31.68764920975492,437,81
1689312710.434044,28.73499811598671,437,81
1689312710.473442,25.381874515879165,437,81
1689312710.501594,35.521468859567406,437,81
1689312710.543239,24.01245763488138,437,81
1689312710.571308,35.626769954726534,437,81
1689312710.604538,30.093229155456065,437,81
1689312710.639049,28.976193436960276,437,81
1689312710.673632,28.916064005074077,437,81
1689312710.706267,30.64174982831928,437,81
1689312710.746375,24.932703224847675,437,81
1689312710.774452,35.616483955062286,437,81
1689312710.805673,32.02981290568919,437,81
1689312710.839883,29.231043710972347,437,81
1689312710.875073,28.4172713537538,437,81
1689312710.907636,30.709728435557444,437,81
1689312710.935938,35.3332490923029,437,81
1689312710.970822,28.666261148891092,437,81
1689312711.004707,29.511581435929187,437,81
1689312711.041828,26.93906073373754,437,81
1689312711.072514,32.588002206562194,437,81
1689312711.105445,30.366661357350747,437,81
1689312711.142375,27.078194401404815,437,81
1689312711.17336,32.273558990774156,437,81
1689312711.208033,28.840905183972936,437,81
1689312711.241027,30.308511637653826,437,81
1689312711.273209,31.073291796623227,437,81
1689312711.310294,26.965212639429105,437,81
1689312711.340049,33.60766654380539,437,81
1689312711.375231,28.42362635873248,437,81
1689312711.413802,25.926294057288384,437,81
1689312711.439464,38.9678450318205,437,81
1689312711.486481,21.268966496452894,437,81
1689312711.515691,34.23474484965229,437,81
1689312711.550714,28.55268657630857,437,81
1689312711.583088,30.889075456969053,437,81
1689312711.615863,30.510907913784198,437,81
1689312711.647007,32.109012684973244,437,81
1689312711.677627,32.65828856186249,437,81
1689312711.710592,30.335254764401693,437,81
1689312711.74543,28.704320392003886,437,81
1689312711.7842,25.7931653680825,437,81
1689312711.819313,28.479402478356814,437,81
1689312711.852165,30.43960781183096,437,81
1689312711.878718,37.660647744924624,437,81
1689312711.916904,26.187557753302865,437,81
1689312711.946904,33.33336512250753,437,81
1689312711.983153,27.586845566956065,437,81
1689312712.018365,28.39956936535558,437,81
1689312712.051403,30.26804837918194,437,81
1689312712.080929,33.86846036449964,437,81
1689312712.116978,27.74010582010582,437,81
1689312712.147743,32.504409553774856,437,81
1689312712.188573,24.491857076956315,437,81
1689312712.214887,38.002555065281015,437,81
1689312712.253357,25.99426110129838,437,81
1689312712.286747,29.94904604135725,437,81
1689312712.311569,40.28684769140629,437,81
1689312712.350702,25.553833406443438,437,81
1689312712.381997,31.953923861619216,437,81
1689312712.41878,27.186486819333805,437,81
1689312712.448099,34.107796896854566,437,81
1689312712.4776,33.89692654581896,437,81
1689312712.517611,24.99317117353323,437,81
1689312712.550907,30.03375509298046,437,81
1689312712.587807,27.10023906441817,437,81
1689312712.618907,32.1543049454551,437,81
1689312712.64895,33.28548527894611,437,81
1689312712.684941,27.784759898514146,437,81
1689312712.724274,25.424030453283546,437,81
1689312712.757012,30.545571067560974,437,81
1689312712.789456,30.82233980011758,437,81
1689312712.826189,27.22336600246641,437,81
1689312712.853476,36.64747924858017,437,81
1689312712.887018,29.813441376123965,437,81
1689312712.915877,34.651069032748424,437,81
1689312712.958786,23.30518466658888,437,81
1689312712.998824,24.97635338323478,437,81
1689312713.025467,37.533257568300385,437,81
1689312713.059106,29.727229557809387,437,81
1689312713.089409,33.000031471282455,437,81
1689312713.122743,29.999599462134867,437,81
1689312713.168593,21.810232490419065,437,81
1689312713.200154,31.684537344100562,437,81
1689312713.229887,33.632728993095924,437,81
1689312713.261235,31.899971859479933,437,81
1689312713.300555,25.432355081251515,437,81
1689312713.326281,38.87106011881041,437,81
1689312713.361242,28.603312942845257,438,82
1689312713.389636,35.21872822080223,437,81
1689312713.426993,26.768849801513856,437,81
1689312713.455389,35.21606690063979,437,81
1689312713.499295,22.775944177459206,437,81
1689312713.532806,29.841015972395148,437,81
1689312713.56825,28.213503023617175,437,81
1689312713.597662,33.99969196598656,437,81
1689312713.63173,29.352965876326177,437,81
1689312713.667325,28.093880613010395,437,81
1689312713.700566,30.083300459751978,437,81
1689312713.737958,26.743759285354486,437,81
1689312713.76935,31.855150833915605,437,81
1689312713.803369,29.395343621658746,437,81
1689312713.832701,34.09254879010299,437,81
1689312713.866402,29.672760201482824,437,81
1689312713.904457,26.277630548507346,437,81
1689312713.938658,29.238990860863442,437,81
1689312713.974836,27.641022261470127,437,81
1689312714.00579,32.306123392128164,437,81
1689312714.041746,27.811842716000264,437,81
1689312714.074009,30.99521877609536,437,81
1689312714.10263,34.93943104669082,437,81
1689312714.136964,29.125493028165103,437,81
1689312714.172532,28.115160574596302,438,83
1689312714.20016,36.19523645150155,437,82
1689312714.235193,28.54452527919749,437,82
1689312714.268768,29.78401408850764,437,81
1689312714.308528,25.15098491889785,437,81
1689312714.342318,29.59445690981189,437,81
1689312714.370077,36.02456432675708,437,81
1689312714.406461,27.484528786548367,437,81
1689312714.445346,25.716780301172317,437,81
1689312714.481111,27.960349045723923,437,81
1689312714.50795,37.259187534977926,437,81
1689312714.539966,31.234344863536506,437,81
1689312714.577965,26.316541075047528,437,81
1689312714.606028,35.634034238137716,437,81
1689312714.63971,29.689563395435755,437,81
1689312714.671665,31.29400353654806,437,81
1689312714.705033,29.968733030380978,437,81
1689312714.746873,23.900666138618377,437,81
1689312714.774231,36.55230592254331,437,81
1689312714.806105,31.373590946151143,437,81
1689312714.840546,29.035166417455834,437,81
1689312714.883728,23.157725031609054,437,81
1689312714.914776,32.20813207909388,438,82
1689312714.946061,31.964395128717097,437,81
1689312714.979658,29.764568963070197,437,81
1689312715.012916,30.06777303846016,437,81
1689312715.052795,25.07595178878898,437,81
1689312715.078159,39.42570851153828,437,81
1689312715.115663,26.66385256479533,437,81
1689312715.145091,33.98123632828324,437,81
1689312715.183428,26.084466750001553,437,81
1689312715.217573,29.28696915106065,437,81
1689312715.246993,33.990323913871485,437,81
1689312715.288975,23.819768861629328,437,81
1689312715.316412,36.4471710737841,437,81
1689312715.350731,29.13844272772745,437,81
1689312715.375729,40.002899380066765,437,81
1689312715.419325,22.937868803150035,437,81
1689312715.45341,29.338593472391263,437,81
1689312715.482962,33.83867688584107,437,81
1689312715.51167,34.83322952221973,437,81
1689312715.543649,31.270672263268942,437,81
1689312715.580067,27.458978186293766,437,81
1689312715.613514,29.89802333787165,437,81
1689312715.6485,28.58284608360251,437,81
1689312715.684775,27.567082268039883,437,81
1689312715.712849,35.6204161358811,437,81
1689312715.746007,30.15857630774762,437,81
1689312715.787099,24.33568510954326,437,81
1689312715.814984,35.861318923725406,437,81
1689312715.856012,24.373584993375328,437,81
1689312715.882603,37.60695776921008,437,81
1689312715.915664,30.247093777944443,437,81
1689312715.951023,28.281227453862595,437,81
1689312715.983551,30.742816934443532,437,81
1689312716.029137,21.936621670388753,437,81
1689312716.063341,29.23634133080537,437,81
1689312716.090319,37.067218127507644,437,81
1689312716.124248,29.473216732603,437,81
1689312716.152954,34.835833291805784,437,81
1689312716.189646,27.2539685633898,437,81
1689312716.220285,32.63821210965769,437,81
1689312716.2572,27.08921224803498,437,81
1689312716.30344,21.626254866070276,437,81
1689312716.323048,50.99953794897984,437,81
1689312716.356597,29.807297070653952,437,81
1689312716.38783,32.017343379058175,437,81
1689312716.428422,24.635423335584857,437,81
1689312716.459195,32.49609904626136,437,81
1689312716.489903,32.56472488140436,437,81
1689312716.519462,33.83048878851427,438,82
1689312716.568558,20.36831242746075,437,81
1689312716.589743,47.20338525254344,437,81
1689312716.624151,29.062930472983272,437,81
1689312716.658327,29.260204401967282,437,81
1689312716.692139,29.575466975045305,437,81
1689312716.730961,25.75847499263044,437,81
