time,Image_u,Image_v,time,camera_x,camera_y,camera_z,time,recognition
2.0403828620910645,139,184,2.0403828620910645,-0.31018769323909057,-0.06635803669874554,1.016920347410739,2.1000630855560303,16.659136043722096
2.1000630855560303,139,184,2.1000630855560303,-0.3101627453263027,-0.06636559777153472,1.0168375218723433,2.160615921020508,15.470057980850092
2.1744370460510254,139,184,2.160615921020508,-0.3101340953344814,-0.06636002034755673,1.016754210683478,2.220072031021118,20.49310838475783
2.220072031021118,139,184,2.220072031021118,-0.31022279276569437,-0.06637955780059447,1.017019755874857,2.2800989151000977,16.343078463690524
2.2800989151000977,139,184,2.2800989151000977,-0.3103504183096076,-0.06639821096403223,1.0174605177807368,2.3202109336853027,25.5943762356904
2.3202109336853027,139,184,2.3202109336853027,-0.31006560918541826,-0.06634063419605392,1.0164756553047343,2.3702330589294434,20.24659081583889
2.3702330589294434,139,184,2.3702330589294434,-0.3102756352004846,-0.06638814805387619,1.0172171337442035,2.4201080799102783,19.602482614222687
2.4201080799102783,139,184,2.4201080799102783,-0.31026979082781064,-0.06638044733664156,1.0171597027975945,2.470211982727051,18.60290510722285
2.470211982727051,139,184,2.470211982727051,-0.31019535108890767,-0.06635943254580573,1.0169129898094955,2.532615900039673,16.04903900238384
2.532615900039673,139,184,2.532615900039673,-0.31026256121428547,-0.06638418875320742,1.0171772305492526,2.5901639461517334,16.3939900877097
2.6033339500427246,139,184,2.5901639461517334,-0.3101729025584798,-0.06635700957874281,1.0168454081694025,2.6402149200439453,21.296072139404526
2.6402149200439453,139,184,2.6402149200439453,-0.31006707949923495,-0.06634140062395531,1.0165337798173395,2.702338933944702,18.033656946797258
2.702338933944702,139,184,2.702338933944702,-0.310109012034498,-0.06634433810867627,1.016665786818845,2.761950969696045,15.848374469114157
2.761950969696045,139,184,2.761950969696045,-0.31025480450837056,-0.0663774522170226,1.0171155865361383,2.8003859519958496,28.44772414354411
2.8003859519958496,139,184,2.8003859519958496,-0.31021214771530126,-0.06637509045034844,1.016988326365777,2.840101957321167,21.6675913728529
2.840101957321167,139,184,2.840101957321167,-0.3101334141998641,-0.06635685553353636,1.0167459790147453,2.880078077316284,23.85607762616812
2.880078077316284,139,184,2.880078077316284,-0.310253640729923,-0.0663777756888606,1.0171307171098456,2.937598943710327,19.8993433787528
2.937598943710327,139,184,2.937598943710327,-0.31011850678615627,-0.06634955354887478,1.0166833233074912,2.979990005493164,23.306738682270048
2.979990005493164,139,184,2.979990005493164,-0.3100955373505339,-0.06633980360563645,1.0166349599582005,3.010072946548462,26.61275974746994
3.020678997039795,139,184,3.010072946548462,-0.3099804669503786,-0.06632255651160204,1.0162375066726124,3.0704848766326904,18.355012909719488
3.0704848766326904,139,184,3.0704848766326904,-0.31017258134220616,-0.06636715890118038,1.016828859230748,3.1201109886169434,18.907825397040064
3.1201109886169434,139,184,3.1201109886169434,-0.3101303111897524,-0.0663583071031185,1.016722477890829,3.170685052871704,22.931096884242983
3.170685052871704,139,184,3.170685052871704,-0.31025857157360925,-0.06638266712778126,1.0171552620675972,3.200150966644287,25.53625288434024
3.200150966644287,139,184,3.200150966644287,-0.3101384701919293,-0.06635970025066977,1.0167746424388502,3.250092029571533,21.049930992948735
3.250092029571533,139,184,3.250092029571533,-0.31018247945987737,-0.06637602077378213,1.0168935064298028,3.3001720905303955,20.753401747632385
3.3001720905303955,139,184,3.3001720905303955,-0.310150335731629,-0.06636140354013888,1.0167999712610019,3.340369939804077,22.69215246030243
3.340369939804077,139,184,3.340369939804077,-0.31017157628674247,-0.06636527914015203,1.0168735108602176,3.380129098892212,26.261177722818772
3.380129098892212,139,184,3.380129098892212,-0.31013865050937733,-0.06635676608435424,1.016755177601579,3.4302849769592285,20.862513367654007
3.4302849769592285,139,184,3.4302849769592285,-0.3101749683018872,-0.06635487799027966,1.0168793974409749,3.4801809787750244,19.88858646687847
3.4801809787750244,139,184,3.4801809787750244,-0.31007385876420784,-0.0663413104286057,1.0165204332697868,3.520108938217163,25.543406636906756
3.520108938217163,139,184,3.520108938217163,-0.31008498757190067,-0.06634414739018808,1.0165956085008283,3.5601449012756348,22.945272325433816
3.5601449012756348,139,184,3.5601449012756348,-0.3102129671840287,-0.06636735765564934,1.0169633472727428,3.6100640296936035,22.599960126947177
3.6100640296936035,139,184,3.6100640296936035,-0.3101142947182386,-0.0663563731349129,1.0166541150218869,3.650080919265747,23.08558218895341
3.650080919265747,139,184,3.650080919265747,-0.31022715683742313,-0.06638166795120505,1.0170400963666841,3.6900548934936523,27.893965391112353
3.6900548934936523,139,184,3.6900548934936523,-0.3101819421940624,-0.06635756551085352,1.0168527681369603,3.7301759719848633,22.317962689029127
3.7301759719848633,139,184,3.7301759719848633,-0.31034916839973203,-0.06639692091126552,1.017415935900691,3.7801148891448975,19.24336922660476
3.7801148891448975,139,184,3.7801148891448975,-0.31027251233559067,-0.06637967129032768,1.0171813957316593,3.8201169967651367,24.306633132048354
3.8201169967651367,139,184,3.8201169967651367,-0.3102171980267001,-0.06637158313259894,1.016979831679725,3.8600950241088867,25.909477832755755
3.8600950241088867,139,184,3.8600950241088867,-0.30999166275045253,-0.06632615033266939,1.0162601110562497,3.9100420475006104,22.942009167386857
3.9100420475006104,139,184,3.9100420475006104,-0.3101874894091188,-0.06636759413405809,1.0169108754069023,3.9500670433044434,24.50387628600973
3.9500670433044434,139,184,3.9500670433044434,-0.3102478476849116,-0.06638024067750384,1.017081053419151,3.9901299476623535,26.799637074616946
3.9901299476623535,139,184,3.9901299476623535,-0.310160865920358,-0.06635923307706663,1.016818468219204,4.0201098918914795,26.380265921984478
4.0201098918914795,139,184,4.0201098918914795,-0.31025461217436906,-0.06638318537733233,1.0170687003972554,4.074692010879517,20.247470456476403
4.074692010879517,139,184,4.074692010879517,-0.3103627220309534,-0.06640211601445989,1.0174852578847275,4.120074033737183,22.60446667241528
4.120074033737183,139,184,4.120074033737183,-0.31031690299847997,-0.0663926575632567,1.0173495141918958,4.160017967224121,25.789834843882584
4.160017967224121,139,184,4.160017967224121,-0.31019779346163195,-0.06635974430223728,1.0169261391356719,4.212099075317383,18.277188288457097
4.212099075317383,139,184,4.212099075317383,-0.31017451209345676,-0.06636591818785305,1.0168481507849774,4.260119915008545,19.490894220536912
4.260119915008545,139,184,4.260119915008545,-0.3101102114211218,-0.06635515419915645,1.0166777276448087,4.300149917602539,27.465631159510448
4.300149917602539,139,184,4.300149917602539,-0.3101678903416406,-0.06636761131214013,1.0168279936649012,4.34020209312439,22.755802471815016
4.34020209312439,139,184,4.34020209312439,-0.3102918266298247,-0.06639821493363755,1.0172451628999475,4.383285999298096,24.46057665391434
4.383285999298096,139,184,4.383285999298096,-0.3101486940291112,-0.06636395174975643,1.0167769602876915,4.4301629066467285,23.49736976263438
4.4301629066467285,139,184,4.4301629066467285,-0.31029813866695305,-0.06638866732699884,1.0172351627775322,4.460248947143555,27.241223882729642
4.460248947143555,139,184,4.460248947143555,-0.3101748315198327,-0.06636458625987036,1.0168342504884684,4.500070095062256,23.32695976196435
4.510678052902222,139,184,4.500070095062256,-0.31017606060832964,-0.06637049518442457,1.0168658407710272,4.550204038619995,22.32235746180088
4.550204038619995,139,184,4.550204038619995,-0.31026465965309424,-0.06638501566073354,1.0171434290812562,4.600089073181152,19.41331062285643
4.600089073181152,139,184,4.600089073181152,-0.3102962015363596,-0.06639177562564805,1.0172806126810112,4.640100002288818,23.737805119614247
4.650393962860107,139,184,4.640100002288818,-0.3102245536697262,-0.0663797382567051,1.017043468464976,4.681150913238525,25.890605613545596
4.681150913238525,139,184,4.681150913238525,-0.31022469600412217,-0.06637999741097014,1.0170171605563334,4.730071067810059,23.023993939759897
4.730071067810059,139,184,4.730071067810059,-0.3100688806562384,-0.06633952245586767,1.0165211643183816,4.7701098918914795,22.887426469785765
4.7701098918914795,139,184,4.7701098918914795,-0.3103903621935981,-0.06641330688122432,1.0175470915298654,4.811300992965698,21.091318690160108
4.811300992965698,139,184,4.811300992965698,-0.31025237385209936,-0.06637610159880347,1.0171205695460381,4.850099086761475,26.36219304475717
4.850099086761475,139,184,4.850099086761475,-0.3102811368360025,-0.06638497841132585,1.0171818964227939,4.900120973587036,22.9205707322138
4.900120973587036,139,184,4.900120973587036,-0.3102403327555628,-0.06638281105078817,1.017076836910027,4.940125942230225,21.155039971754974
4.951086044311523,139,184,4.940125942230225,-0.3102326311781281,-0.06637430640283705,1.0169954366185017,4.990259885787964,24.61778291670824
4.990259885787964,139,184,4.990259885787964,-0.3101960411269219,-0.066365990879693,1.0169258124137985,5.050462961196899,16.09714386595129
5.050462961196899,139,184,5.050462961196899,-0.31015074731539255,-0.06635799891353417,1.0168054795959132,5.1000800132751465,20.10817548552882
5.1000800132751465,139,184,5.1000800132751465,-0.3102269909514055,-0.06637850910997287,1.017018182744746,5.150166034698486,19.039228681150078
5.150166034698486,139,184,5.150166034698486,-0.3103074859695534,-0.06639439006938301,1.017321369354321,5.200124025344849,20.950360136262375
5.200124025344849,139,184,5.200124025344849,-0.31011825514630975,-0.06635935886808263,1.0166644066774753,5.240047931671143,24.21010586102998
5.240047931671143,139,184,5.240047931671143,-0.3102676021230353,-0.06638910342347491,1.0171700163282278,5.290076971054077,21.56243863067361
5.290076971054077,139,184,5.290076971054077,-0.3102094774219423,-0.0663760657938002,1.0169732531381943,5.330125093460083,22.282629946024056
5.330125093460083,139,184,5.330125093460083,-0.3104103263712772,-0.06641733544801803,1.0176252062888917,5.38018798828125,18.947629007557723
5.38018798828125,139,184,5.38018798828125,-0.31008371989017547,-0.06634832631317102,1.0165578284477685,5.421133995056152,25.140130786336364
5.421133995056152,139,184,5.421133995056152,-0.3104120344415736,-0.06642492993689997,1.0176371250812495,5.470063924789429,23.48631743987457
5.470063924789429,139,184,5.470063924789429,-0.31013043721450717,-0.06635839130258304,1.0167186562399075,5.510679006576538,19.80790464181649
5.510679006576538,139,184,5.510679006576538,-0.31029263041925387,-0.0663935514754191,1.0172451017703354,5.560375928878784,25.47901201569695
5.560375928878784,139,184,5.560375928878784,-0.3102850548791935,-0.0663917438611795,1.0172195145111953,5.59012508392334,26.28191166057811
5.59012508392334,139,184,5.59012508392334,-0.31001897665604017,-0.06634339979813525,1.0163577364016296,5.6401588916778564,22.109146113257673
5.6401588916778564,139,184,5.6401588916778564,-0.3102763013592782,-0.06639109985066513,1.01719388180965,5.690109968185425,20.389501674695808
5.690109968185425,139,184,5.690109968185425,-0.3101604600525939,-0.06636034293771834,1.0168207188650917,5.7301719188690186,23.54485491829506
5.7301719188690186,139,184,5.7301719188690186,-0.31030143983074826,-0.06638860637993182,1.0172611643681784,5.770127058029175,26.483706187292025
5.770127058029175,139,184,5.770127058029175,-0.3103941528888657,-0.06640763168361406,1.017558484429626,5.821265935897827,20.234771953184552
5.821265935897827,139,184,5.821265935897827,-0.3101630065199853,-0.06635327163290736,1.0168001395967332,5.86011004447937,23.223888861203857
5.86011004447937,139,184,5.86011004447937,-0.310229423670062,-0.0663681196391517,1.0170666464216096,5.90014386177063,22.78844252230324
5.90014386177063,139,184,5.90014386177063,-0.3100506459535746,-0.06632621086117796,1.0164417347158627,5.951404094696045,20.830290629531774
5.951404094696045,139,184,5.951404094696045,-0.31035319686204704,-0.06639519782812024,1.0174388197027633,6.000089883804321,21.971210057621793
6.000089883804321,139,184,6.000089883804321,-0.3101311325897343,-0.06636111869569346,1.016714682748333,6.040092945098877,21.356579121561758
6.040092945098877,139,184,6.040092945098877,-0.31021951091005623,-0.0663835115012277,1.0170266685614422,6.091383934020996,22.10040888589133
6.08016300201416,139,184,6.091383934020996,-0.310225307748628,-0.06637312172208448,1.0170244290638573,6.130966901779175,26.765262560064325
6.130966901779175,139,184,6.130966901779175,-0.31016811564614544,-0.06636992524913511,1.0168613169041052,6.170095920562744,22.230664857530527
6.170095920562744,139,184,6.170095920562744,-0.31025623445173933,-0.06638272043908958,1.0171158047894615,6.222058057785034,19.56636173220192
6.222058057785034,139,184,6.222058057785034,-0.31036948558908795,-0.06639599282489715,1.0175042123151405,6.27016806602478,21.765639351748547
6.27016806602478,139,184,6.27016806602478,-0.3101907679793591,-0.06637114248767505,1.0169225290978545,6.310215950012207,21.012810171987958
6.310215950012207,139,184,6.310215950012207,-0.3102394197681746,-0.06636639903774405,1.0170074947024257,6.370166063308716,18.005709551263614
6.370166063308716,139,184,6.370166063308716,-0.31030553870301536,-0.06639543675467244,1.0173033272988163,6.410114049911499,24.449169930983025
6.410114049911499,139,184,6.410114049911499,-0.3100484545940909,-0.06634446559064255,1.0164581333633,6.45176100730896,24.32735730318831
6.46039891242981,139,184,6.45176100730896,-0.3103440259143865,-0.06640480578079377,1.017378125318052,6.500232934951782,22.97166266855071
6.500232934951782,139,184,6.500232934951782,-0.310240771002513,-0.06638319456417126,1.0170637003951475,6.550086975097656,19.146827353236556
6.550086975097656,139,184,6.550086975097656,-0.3101880872208258,-0.06636350124855679,1.0168866737969577,6.600239038467407,21.668934662099677
6.600239038467407,139,184,6.600239038467407,-0.3102628688001264,-0.0663777142013459,1.0171397850193555,6.640275955200195,24.119056929269696
6.640275955200195,139,184,6.640275955200195,-0.310245348762696,-0.06637755143572481,1.0170606275921275,6.680161952972412,23.002780535157044
6.680161952972412,139,184,6.680161952972412,-0.3104896928601737,-0.06643288882747038,1.0179179496367647,6.720238924026489,23.266659640208353
6.720238924026489,139,184,6.720238924026489,-0.31019707867643354,-0.06637529593659257,1.0169214658991024,6.770089864730835,23.31373431828667
6.770089864730835,139,184,6.770089864730835,-0.31026813766641953,-0.0663818615460982,1.017159317925831,6.820365905761719,18.929756467423683
6.820365905761719,139,184,6.820365905761719,-0.3101764073258101,-0.0663680259007615,1.0168534308524582,6.870063066482544,19.34383315884868
6.870063066482544,139,184,6.870063066482544,-0.310527173935794,-0.06644081501037309,1.0180402238983397,6.920150995254517,20.382763865738152
6.920150995254517,139,184,6.920150995254517,-0.31015325183584325,-0.06636035920048353,1.0168000669369144,6.970062971115112,21.994483424052692
6.970062971115112,139,184,6.970062971115112,-0.3101721621498007,-0.06637078344543393,1.0168297914906772,7.010257005691528,20.765423174988243
7.010257005691528,139,184,7.010257005691528,-0.3103614482167354,-0.06640541696723166,1.0174606995972522,7.060158967971802,20.004025315610498
7.060158967971802,139,184,7.060158967971802,-0.31012135633582,-0.06636489714051062,1.0166539578107006,7.110104084014893,22.352335527192306
7.110104084014893,139,184,7.110104084014893,-0.3104387348157443,-0.0664152939163487,1.0176931187747287,7.150068998336792,26.072305932666964
7.150068998336792,139,184,7.150068998336792,-0.31031390609037157,-0.06639334980679618,1.0173003840496875,7.201404094696045,20.181223295738867
7.201404094696045,139,184,7.201404094696045,-0.3102400286107574,-0.06637598356233809,1.0170550448512454,7.240099906921387,23.366596100278553
7.240099906921387,139,184,7.240099906921387,-0.31016960174692404,-0.06636670197906165,1.0168385351203495,7.280129909515381,24.613593418072135
7.280129909515381,139,184,7.280129909515381,-0.31017355484760634,-0.06636785892342874,1.016837637235971,7.331796884536743,21.376606696906375
7.331796884536743,139,184,7.331796884536743,-0.31059263058024417,-0.06644614049223542,1.018216094223619,7.370110034942627,22.604588495885228
7.370110034942627,139,184,7.370110034942627,-0.3101829116716836,-0.06635407163660746,1.0168260907317535,7.4200990200042725,22.36485016529807
7.4200990200042725,139,184,7.4200990200042725,-0.3101933520232926,-0.0663690099547448,1.0168931859678603,7.450239896774292,26.851278768285265
7.460120916366577,139,184,7.450239896774292,-0.3102029272811502,-0.06636813481759556,1.0169550562703857,7.490453004837036,27.464372241648004
7.490453004837036,139,184,7.490453004837036,-0.3103789613703858,-0.06640941417228975,1.0175288017602488,7.550102949142456,16.43194791050448
7.550102949142456,139,184,7.550102949142456,-0.310144179921576,-0.06636073042544839,1.0167491534641453,7.601768970489502,21.63562552550539
7.601768970489502,139,184,7.601768970489502,-0.31016803994204606,-0.06635851186690996,1.016820218510716,7.630573987960815,27.1186370542786
7.630573987960815,139,184,7.630573987960815,-0.3103004992532037,-0.06639082331059429,1.0172565932147684,7.6700439453125,26.673857190099465
7.6700439453125,139,184,7.6700439453125,-0.31032487393624236,-0.06640684874751422,1.0173376719289835,7.720134973526001,21.098851569220244
7.720134973526001,139,184,7.720134973526001,-0.31021641576600395,-0.0663788024851747,1.0169634745311906,7.7701849937438965,21.437134562701885
7.7701849937438965,139,184,7.7701849937438965,-0.3101386231906744,-0.06634712102180294,1.016688712337912,7.810199022293091,23.688736522853965
7.810199022293091,139,184,7.810199022293091,-0.3102668173878322,-0.06637964338322994,1.017155967255101,7.8501410484313965,23.617241476392916
7.8501410484313965,139,184,7.8501410484313965,-0.3104589003150508,-0.066415765797669,1.017773194995867,7.901192903518677,19.337501152604887
7.901192903518677,139,184,7.901192903518677,-0.3101405078704383,-0.06635679864491234,1.0167267752967195,7.950084924697876,20.409841170974776
7.950084924697876,139,184,7.950084924697876,-0.31032667274687403,-0.06638618746635383,1.0173154613561852,7.99015998840332,23.243966372397434
7.99015998840332,139,184,7.99015998840332,-0.31027120819837306,-0.06638263692665204,1.0171313324122038,8.040132999420166,21.12733408890568
8.040132999420166,139,184,8.040132999420166,-0.3102693305529846,-0.06637161502284625,1.017131152869189,8.090090990066528,20.93060067567905
8.090090990066528,139,184,8.090090990066528,-0.3103945941651124,-0.06640500129382598,1.0175304822342992,8.140599012374878,20.841572793631705
8.140599012374878,139,184,8.140599012374878,-0.31009683375049807,-0.06634767978840903,1.016573515459051,8.190149068832397,20.628265659427132
8.190149068832397,139,184,8.190149068832397,-0.3100861153209369,-0.06635033239494971,1.0165362382238692,8.230170011520386,23.865307910713575
8.230170011520386,139,184,8.230170011520386,-0.3103707996960648,-0.0664023930476377,1.0174693852377137,8.270210981369019,23.58536845952709
8.270210981369019,139,184,8.270210981369019,-0.31024634662995804,-0.06637900899152777,1.017081100061469,8.309928894042969,24.643384253819036
8.309928894042969,139,184,8.309928894042969,-0.31027103505203707,-0.06638198735628177,1.0171466901907535,8.350111961364746,22.739640767908746
8.350111961364746,139,184,8.350111961364746,-0.31023247717678964,-0.06636624836578235,1.0170281632657985,8.40010404586792,23.272598141212374
8.40010404586792,139,184,8.40010404586792,-0.31021354394699574,-0.06636920830503072,1.016972726378666,8.431693077087402,24.141685421067475
8.431693077087402,139,184,8.431693077087402,-0.31030181816224905,-0.06638847840564772,1.0172804796348889,8.490565061569214,20.110200128496494
8.490565061569214,139,184,8.490565061569214,-0.3101963152833114,-0.06636875480193638,1.0169114991479713,8.540623903274536,19.98562892512365
8.540623903274536,139,184,8.540623903274536,-0.31009949749925586,-0.0663462163083237,1.0165961289931609,8.590091943740845,19.23710281059661
8.590091943740845,139,184,8.590091943740845,-0.3103733253503316,-0.06641147319918977,1.017495469311873,8.641731977462769,21.4753312716325
8.641731977462769,139,184,8.641731977462769,-0.3102062229245744,-0.06636889478557798,1.0169260971816114,8.680078029632568,25.87798617966436
8.680078029632568,139,184,8.680078029632568,-0.31029751151117757,-0.06638304879306126,1.0172192815768955,8.710249900817871,26.320504533902294
8.710249900817871,139,184,8.710249900817871,-0.3103726124192845,-0.06639320667124551,1.0174788138157878,8.76010799407959,23.013887440946824
8.76010799407959,139,184,8.76010799407959,-0.31026524647372367,-0.06638571158850098,1.017140036738358,8.800083875656128,26.03217477656405
8.800083875656128,139,184,8.800083875656128,-0.31005932692173344,-0.0663502548534969,1.0164962631689762,8.830564975738525,22.653178722461963
8.830564975738525,139,184,8.830564975738525,-0.3103345172110139,-0.06639106914446596,1.0173388636219323,8.890111923217773,21.84647117037346
8.890111923217773,139,184,8.890111923217773,-0.3102530341450863,-0.0663816177422913,1.0171227251564499,8.930361032485962,20.123515074750035
8.941066026687622,139,184,8.930361032485962,-0.31022434506338364,-0.06637156037433926,1.0169909149146437,8.98020887374878,23.5056658335108
8.98020887374878,139,184,8.98020887374878,-0.31028295981993914,-0.06638405424793964,1.0172253127976543,9.01336407661438,27.574875415828437
9.01336407661438,139,184,9.01336407661438,-0.310481890337546,-0.06642524115051099,1.0178755642750503,9.06009292602539,22.41852360615957
9.06009292602539,139,184,9.06009292602539,-0.3103097211924868,-0.06639482492989703,1.0172748844412147,9.100106000900269,22.971033621591424
9.100106000900269,139,184,9.100106000900269,-0.3102482889261819,-0.0663796074490253,1.017084483722681,9.142606019973755,25.03449304946252
9.142606019973755,139,184,9.142606019973755,-0.3102476641804128,-0.06638049290562985,1.0170937415751344,9.19018292427063,21.79833068279855
9.19018292427063,139,184,9.19018292427063,-0.31001942726536585,-0.06633062476034393,1.016306182085814,9.240451097488403,18.246814434559415
9.240451097488403,139,184,9.240451097488403,-0.3100971427911692,-0.06634359810658456,1.0166073204463737,9.290096998214722,21.507265995959347
9.290096998214722,139,184,9.290096998214722,-0.3100502656707868,-0.06632723699872702,1.0164010655706528,9.33005404472351,24.06853929360457
9.33005404472351,139,184,9.33005404472351,-0.31037304495526735,-0.06640421388943374,1.0174669523581499,9.370197057723999,22.79723670121696
9.370197057723999,139,184,9.370197057723999,-0.3100886893057931,-0.06634290125060667,1.016559365689841,9.420062065124512,23.8514651608464
9.420062065124512,139,184,9.420062065124512,-0.3102699142841497,-0.06637869289171928,1.017136949019834,9.460140943527222,23.84590544197576
9.460140943527222,139,184,9.460140943527222,-0.3102091783304227,-0.06636395267779077,1.0169651333862402,9.500153064727783,21.990562674328377
9.500153064727783,139,184,9.500153064727783,-0.3103050614776731,-0.06638178406889267,1.0172419550183116,9.550103902816772,23.167958285231357
9.550103902816772,139,184,9.550103902816772,-0.31012732952483923,-0.06635421294030794,1.0166894961225696,9.600122928619385,19.978108552239874
9.600122928619385,139,184,9.600122928619385,-0.31022509000055715,-0.06636688757160002,1.0169912809012722,9.640148878097534,22.83720550361808
9.640148878097534,139,184,9.640148878097534,-0.3104188523982895,-0.06642361474259685,1.017624012841803,9.690058946609497,21.91782196326392
9.690058946609497,139,184,9.690058946609497,-0.31020275075959275,-0.06636521189670459,1.0169309323043736,9.750953912734985,16.18179082481028
9.750953912734985,139,184,9.750953912734985,-0.3102037269200534,-0.0663725814221386,1.016938386469861,9.790231943130493,24.249437747521174
9.790231943130493,139,184,9.790231943130493,-0.3102615833118692,-0.06637129841075781,1.0170870324174852,9.840091943740845,20.443664580530697
9.840091943740845,139,184,9.840091943740845,-0.3103389842456825,-0.0664040267935931,1.0173526986215085,9.880275011062622,24.146410827677126
9.880275011062622,139,184,9.880275011062622,-0.310335656230616,-0.0664035831881763,1.0174055947409826,9.920166015625,24.557246321656702
9.920166015625,139,184,9.920166015625,-0.31050762218811295,-0.06642608865344997,1.0179568463049045,9.970131874084473,22.325446716097748
9.970131874084473,139,184,9.970131874084473,-0.3102264705683102,-0.0663728424193029,1.0170198713620964,10.010498046875,21.894367594090934
10.010498046875,139,184,10.010498046875,-0.3101625948357861,-0.06635225375324892,1.0167724455886598,10.050194025039673,26.0023185890084
10.050194025039673,139,184,10.050194025039673,-0.31025112402890137,-0.06638014642839533,1.0170812418251494,10.090247869491577,26.485880272796162
10.090247869491577,139,184,10.090247869491577,-0.3101379106211923,-0.06635371499775927,1.0167077885294853,10.140079021453857,18.893601686516874
10.140079021453857,139,184,10.140079021453857,-0.31038895433704045,-0.06640330351116377,1.0174863069164446,10.190289974212646,21.983301449199402
10.190289974212646,139,184,10.190289974212646,-0.3102175784063949,-0.06636881760901603,1.0169579232502288,10.230127096176147,25.10416816299169
10.230127096176147,139,184,10.230127096176147,-0.3101847762089896,-0.06636326799998085,1.0168506890600337,10.260595083236694,25.691733790695537
10.260595083236694,139,184,10.260595083236694,-0.3102626092318707,-0.06637682386641465,1.0171336480395587,10.310127019882202,20.247470456476403
10.310127019882202,139,184,10.310127019882202,-0.31016421899342295,-0.06635463890593268,1.0168170518301423,10.370084047317505,18.937961675305676
10.370084047317505,139,184,10.370084047317505,-0.31011539339870603,-0.06633929307037269,1.0166274517270988,10.400237083435059,26.185432365445724
10.41075587272644,139,184,10.400237083435059,-0.31037977638047404,-0.06639749529776028,1.0174868034985338,10.450217962265015,21.026609717459745
10.450217962265015,139,184,10.450217962265015,-0.3102781598030101,-0.06637543443614526,1.017166932831957,10.500110864639282,21.683946047386897
10.500110864639282,139,184,10.500110864639282,-0.31018668887099693,-0.06635611905897427,1.0168822229535421,10.550160884857178,21.45687450121754
10.540049076080322,139,184,10.550160884857178,-0.3102137396199236,-0.06636810729694419,1.0169639462594449,10.591803073883057,20.88952860024404
10.591803073883057,139,184,10.591803073883057,-0.3100624978422736,-0.06633678104033792,1.0164731552777828,10.640091896057129,19.194581607669953
10.640091896057129,139,184,10.640091896057129,-0.3101879525706155,-0.06635065665881827,1.0168710059998014,10.693072080612183,22.495717327526563
10.693072080612183,139,184,10.693072080612183,-0.31029131097334284,-0.06637819022001555,1.0171892481655966,10.74007797241211,18.85580446050863
10.74007797241211,139,184,10.74007797241211,-0.3103954123689249,-0.06640545585564069,1.017509821022732,10.780090093612671,23.21257837966473
10.780090093612671,139,184,10.780090093612671,-0.31018352193603577,-0.06635767329264051,1.0168744144859532,10.820152997970581,26.83993831229083
10.820152997970581,139,184,10.820152997970581,-0.31034390040970117,-0.06640052767782363,1.0173487594282478,10.870182037353516,20.579480889063344
10.870182037353516,139,184,10.870182037353516,-0.3103920979038196,-0.0663948282433545,1.0175152509616496,10.9200758934021,20.185691047520045
10.9200758934021,139,184,10.9200758934021,-0.31007758359916454,-0.066338385216093,1.0165169180420497,10.960160970687866,28.154793150436657
10.960160970687866,139,184,10.960160970687866,-0.3102510718941792,-0.0663707674802504,1.0170691968258265,11.00008487701416,22.431592345787294
11.00008487701416,139,184,11.00008487701416,-0.3103276888209024,-0.06639178492351677,1.017338302363122,11.050150871276855,22.55559977198662
11.050150871276855,139,184,11.050150871276855,-0.31028807911907097,-0.06637457715459524,1.0171477425501063,11.100069999694824,19.938126883621877
11.100069999694824,139,184,11.100069999694824,-0.31017572917247077,-0.06635040860234578,1.016826855873786,11.130193948745728,25.03703349967766
11.130193948745728,139,184,11.130193948745728,-0.3100922060717458,-0.06634647667792053,1.0165432417088394,11.170039892196655,26.51886977358801
11.180115938186646,139,184,11.170039892196655,-0.3102351551101496,-0.06636635914150255,1.017032740882232,11.220485925674438,19.697024058307232
11.230146884918213,139,184,11.220485925674438,-0.3101211970689585,-0.06633648810048227,1.016652262938414,11.270174026489258,22.238562074176187
11.270174026489258,139,184,11.270174026489258,-0.31005292572483534,-0.066336649641582,1.0164392724587068,11.310093879699707,25.27100190994921
11.310093879699707,139,184,11.310093879699707,-0.31022523173758104,-0.06637332886990797,1.0169952524328396,11.350084066390991,23.533757890307196
11.350084066390991,139,184,11.350084066390991,-0.3102812668413011,-0.06637949169825481,1.0171817158596421,11.40007209777832,19.58481703017823
11.40007209777832,139,184,11.40007209777832,-0.31017052626571945,-0.06634805637797433,1.0167757177676762,11.462188005447388,18.16006892878946
11.462188005447388,139,184,11.462188005447388,-0.3102130147320981,-0.06636611388187452,1.0169606862537408,11.500048875808716,26.11304872961817
11.500048875808716,139,184,11.500048875808716,-0.31020813997376057,-0.06636999380176054,1.0169036046263287,11.540096998214722,24.237666788019578
11.540096998214722,139,184,11.540096998214722,-0.3102849758260998,-0.06638756327577365,1.0171859281269156,11.580090045928955,22.958459913186747
11.580090045928955,139,184,11.580090045928955,-0.310022426211252,-0.06631688095216605,1.0163018813162996,11.630383014678955,20.36574103297418
11.630383014678955,139,184,11.630383014678955,-0.31014715495130785,-0.06635582105337688,1.0167307811672794,11.670271873474121,22.56324405162165
11.670271873474121,139,184,11.670271873474121,-0.3102152205375676,-0.06635955841903486,1.0169318721315017,11.710468053817749,23.87549665858351
11.710468053817749,139,184,11.710468053817749,-0.31019675628176624,-0.0663574188958188,1.0168537380928215,11.7501699924469,26.185432365445724
11.7501699924469,139,184,11.7501699924469,-0.3102653936007213,-0.06637411478523207,1.017107093059121,11.8001229763031,22.49209830597547
11.8001229763031,139,184,11.8001229763031,-0.31010104046599035,-0.06632960684560142,1.0165511635801148,11.850077867507935,19.920797534065706
11.850077867507935,139,184,11.850077867507935,-0.31016576786656774,-0.06634761888861881,1.0167920899865455,11.900109052658081,20.239556441300373
11.900109052658081,139,184,11.900109052658081,-0.3101633705771374,-0.0663491535670957,1.01673754966091,11.940183877944946,24.434357086265553
11.940183877944946,139,184,11.940183877944946,-0.31010849407359514,-0.06633563655200453,1.0165623274320397,11.980128049850464,27.068757663762504
11.980128049850464,139,184,11.980128049850464,-0.31024352269466704,-0.06636831566513843,1.0170228711916567,12.030390977859497,19.32404826515427
12.030390977859497,139,184,12.030390977859497,-0.3103666989763425,-0.06639541240890284,1.0174422115791302,12.070049047470093,21.080612167969242
12.070049047470093,139,184,12.070049047470093,-0.31013951201045165,-0.06635006239665836,1.0167234318642875,12.120122909545898,23.664144705291605
12.120122909545898,139,184,12.120122909545898,-0.3101483790231875,-0.06634480024764479,1.016732930208664,12.160551071166992,24.53512409988827
12.160551071166992,139,184,12.160551071166992,-0.3101372139235261,-0.06634518242050662,1.0166503816834918,12.203897953033447,21.434395776799995
12.210169076919556,139,184,12.203897953033447,-0.31017148220914015,-0.0663503076849566,1.0167764451035297,12.25009298324585,19.904820660788353
12.25009298324585,139,184,12.25009298324585,-0.3103608139749523,-0.06639111457215933,1.017419068861226,12.300971984863281,20.052513314783475
12.300971984863281,139,184,12.300971984863281,-0.3102025304208372,-0.06635389866485725,1.0168572275138088,12.35007095336914,23.621630754328066
12.35007095336914,139,184,12.35007095336914,-0.3100342038946577,-0.06632253385513297,1.0163360340867251,12.390160083770752,24.29199244767233
12.390160083770752,139,184,12.390160083770752,-0.310300199311426,-0.06638768161274564,1.017254465599683,12.430235862731934,22.736066089181367
12.430235862731934,139,184,12.430235862731934,-0.31008616502508357,-0.06633517449061155,1.0165212722364616,12.480520963668823,22.518423072999717
12.480520963668823,139,184,12.480520963668823,-0.3104362295727076,-0.06640470293818744,1.017640853435513,12.52015209197998,23.239587546611556
12.52015209197998,139,184,12.52015209197998,-0.31012137054973965,-0.06634425448134164,1.0166419371720106,12.560091972351074,23.87155597798558
12.560091972351074,139,184,12.560091972351074,-0.31019737739825576,-0.06636232492667467,1.0169095777542998,12.61228609085083,21.41502517129757
12.61228609085083,139,184,12.61228609085083,-0.31028994033511137,-0.06638203779570147,1.0171873033385963,12.670042037963867,16.58594686080124
12.670042037963867,139,184,12.670042037963867,-0.31025855281779685,-0.06638360405330011,1.0170933583455117,12.710251092910767,23.349295508063662
12.710251092910767,139,184,12.710251092910767,-0.31030555064755905,-0.0663755705685821,1.0172571497410574,12.751765012741089,24.162685930893044
12.751765012741089,139,184,12.751765012741089,-0.31024313297482436,-0.06636743216444442,1.017035760391575,12.81008791923523,17.03665010784222
12.81008791923523,139,184,12.81008791923523,-0.31018609252123086,-0.06636627696950792,1.0168436098457705,12.860281944274902,18.55082309441039
12.860281944274902,139,184,12.860281944274902,-0.3102212660512994,-0.06636315567061486,1.0169524778905956,12.910090923309326,22.662358573142136
12.910090923309326,139,184,12.910090923309326,-0.3103612626013001,-0.06639895509628387,1.0173996335678945,12.950109958648682,26.796041577491422
12.950109958648682,139,184,12.950109958648682,-0.3101856922062867,-0.0663549780829784,1.0168635611720085,13.010361909866333,17.030562649981118
13.010361909866333,139,184,13.010361909866333,-0.31027345514822624,-0.06637180758935747,1.0171024493613066,13.050036907196045,21.24849412086548
13.050036907196045,139,184,13.050036907196045,-0.31019372384112237,-0.06634629288046895,1.016853170214269,13.090588092803955,27.213121561299698
13.090588092803955,139,184,13.090588092803955,-0.31040873665265545,-0.06638965938383168,1.0175209427473475,13.130131959915161,26.68234156519969
13.130131959915161,139,184,13.130131959915161,-0.3104623617579931,-0.06640771705042321,1.017746852643563,13.17013692855835,21.209812240522268
13.17013692855835,139,184,13.17013692855835,-0.3103845278294116,-0.06638500308609771,1.0174914322684236,13.210290908813477,24.654248346803822
13.220107078552246,139,184,13.210290908813477,-0.3102211520158191,-0.06635786395187877,1.0169281740676173,13.250179052352905,25.183150007204958
13.260128021240234,139,184,13.250179052352905,-0.3102821974084894,-0.0663738945153315,1.0171483879649663,13.310726881027222,19.26750211311602
13.310726881027222,139,184,13.310726881027222,-0.3101688800726574,-0.06633975832715738,1.0167963594958433,13.350080013275146,21.894253305562952
13.350080013275146,139,184,13.350080013275146,-0.3100841491228153,-0.06632427365831797,1.016506760753557,13.390099048614502,23.805573528577103
13.390099048614502,139,184,13.390099048614502,-0.3101799743043973,-0.06635417225230833,1.0168300671996389,13.450222969055176,19.36705622688381
13.450222969055176,139,184,13.450222969055176,-0.31025629521846876,-0.06637008521112585,1.0170646015745148,13.490135908126831,21.068223144232025
13.490135908126831,139,184,13.490135908126831,-0.310277036481336,-0.06636294037003294,1.0171155763584352,13.530065059661865,23.83614830306199
13.530065059661865,139,184,13.530065059661865,-0.3100696799846194,-0.06632525642770497,1.016433335495085,13.580061912536621,23.45440311360637
13.580061912536621,139,184,13.580061912536621,-0.3102896425657029,-0.0663920783176301,1.0171901252152065,13.620244979858398,21.051304443842163
13.630668878555298,139,184,13.620244979858398,-0.31042655662078605,-0.06640030327405774,1.0176054362976263,13.680523872375488,19.629729818272015
13.680523872375488,139,184,13.680523872375488,-0.3103553156275883,-0.06638038430897836,1.017420360027796,13.71010708808899,27.929070363637575
13.71010708808899,139,184,13.71010708808899,-0.31032024306065725,-0.06637408130494024,1.0173146810817435,13.750218868255615,24.056943257489287
13.750218868255615,139,184,13.750218868255615,-0.3103969791086399,-0.06639441898509663,1.0174853477586923,13.800215005874634,20.191910341706706
13.800215005874634,139,184,13.800215005874634,-0.31032948859860215,-0.06639095354046982,1.0173234679189627,13.850260972976685,21.740931568198548
13.850260972976685,139,184,13.850260972976685,-0.31015745771478526,-0.06634830171281832,1.0167516225916025,13.890208959579468,24.82189186630054
13.890208959579468,139,184,13.890208959579468,-0.31009743427175074,-0.066343266350808,1.0165354287683546,13.9301118850708,24.752604028350714
13.9301118850708,139,184,13.9301118850708,-0.3102032518370418,-0.06635299973388925,1.0168666745313533,13.98004698753357,21.45369172143935
13.98004698753357,139,184,13.98004698753357,-0.31032850772180065,-0.06637213021745693,1.0173324749059158,14.02007794380188,22.574294940796555
14.02007794380188,139,184,14.02007794380188,-0.3101804892439691,-0.06634438916258814,1.0168354179145906,14.060188055038452,22.703575797598813
14.060188055038452,139,184,14.060188055038452,-0.31023833726813427,-0.06636142839139113,1.0170080275658624,14.110708951950073,23.344876911174563
14.110708951950073,139,184,14.110708951950073,-0.31034385548409105,-0.0663832055985571,1.0173301800278023,14.160006999969482,18.05446077291941
14.160006999969482,139,184,14.160006999969482,-0.310337243386992,-0.06637868143858709,1.017335558050781,14.200069904327393,23.273114675870183
14.200069904327393,139,184,14.200069904327393,-0.31009457090421305,-0.06632677448956134,1.0165205891950393,14.242700099945068,25.911398582822123
14.242700099945068,139,184,14.242700099945068,-0.31037138326914465,-0.06639505038520667,1.017455143235531,14.28237009048462,27.38225309447955
14.28237009048462,139,184,14.28237009048462,-0.31019026939319466,-0.06635003155207948,1.0168357972018836,14.330327987670898,20.338879163615733
14.330327987670898,139,184,14.330327987670898,-0.31034501691072,-0.06637819902094039,1.0173789589937543,14.37027907371521,26.001029055314824
14.37027907371521,139,184,14.37027907371521,-0.310229453972987,-0.0663655449905003,1.016984000520287,14.41013503074646,26.066796763327655
14.41013503074646,139,184,14.41013503074646,-0.310381178591145,-0.06639925277003741,1.0175036890179119,14.460068941116333,19.516742047759973
14.460068941116333,139,184,14.460068941116333,-0.3101898005114327,-0.06635582855107527,1.0168588775169325,14.500146865844727,22.903673932986763
14.500146865844727,139,184,14.500146865844727,-0.3102241639354109,-0.06636505902993474,1.0169439063490615,14.540225982666016,23.546705440500318
14.540225982666016,139,184,14.540225982666016,-0.31023839223257194,-0.0663577193152338,1.0170510292357677,14.580795049667358,28.207810724109407
14.580795049667358,139,184,14.580795049667358,-0.31027650697575115,-0.06638007049201378,1.0171069857620147,14.630229949951172,19.59753670183439
14.630229949951172,139,184,14.630229949951172,-0.3102911636560025,-0.06637462513618742,1.0171524163537207,14.680197954177856,18.638617447218852
14.680197954177856,139,184,14.680197954177856,-0.31018984746448663,-0.06634978375620036,1.0168487453164317,14.730171918869019,21.116165735286714
14.730171918869019,139,184,14.730171918869019,-0.31038247556135334,-0.06638766890274135,1.0175103004618347,14.770161867141724,24.797970899674233
14.770161867141724,139,184,14.770161867141724,-0.310158443363126,-0.06633162175866203,1.0167083975391364,14.830270051956177,17.295956322009715
14.830270051956177,139,184,14.830270051956177,-0.3101573343611912,-0.06635846969977577,1.0167438830388495,14.880905866622925,18.611902944674206
14.880905866622925,139,184,14.880905866622925,-0.310182278663586,-0.06635171806549335,1.0168100884492641,14.930082082748413,22.226659459688616
14.930082082748413,139,184,14.930082082748413,-0.31031395491161234,-0.06637327883976721,1.0172472383338795,14.970098972320557,24.938188217946582
14.970098972320557,139,184,14.970098972320557,-0.3102221230376051,-0.06635696443239093,1.0169607784619614,15.021442890167236,19.527100384554505
15.021442890167236,139,184,15.021442890167236,-0.3100860683129782,-0.0663246750725849,1.0165234030170576,15.069973945617676,20.474201642113073
15.069973945617676,139,184,15.069973945617676,-0.31010338219452543,-0.06632652407910224,1.0165535984328689,15.110069036483765,25.584540591317502
15.110069036483765,139,184,15.110069036483765,-0.3102362020377491,-0.0663542666096308,1.0169871752803024,15.150322914123535,22.53826767760899
15.150322914123535,139,184,15.150322914123535,-0.31025488536981555,-0.06636130031168223,1.0170479124897518,15.200095891952515,20.416099999513243
15.200095891952515,139,184,15.200095891952515,-0.31045121675073817,-0.06641288693368515,1.0177439440520684,15.240073919296265,22.722147883699638
15.240073919296265,139,184,15.240073919296265,-0.3101846313406278,-0.06634814958990498,1.0167973791473524,15.280266046524048,23.900529944726195
15.292578935623169,139,184,15.280266046524048,-0.3103200499439247,-0.06637729114770521,1.0173005669361457,15.33008098602295,26.01651190631261
15.33008098602295,139,184,15.33008098602295,-0.31013938730424845,-0.0663339369557291,1.0167131068641986,15.370105981826782,21.69157172335683
15.370105981826782,139,184,15.370105981826782,-0.31006246605296106,-0.06631815765768236,1.0163776206675463,15.410096883773804,23.573703231173035
15.410096883773804,139,184,15.410096883773804,-0.310076869375014,-0.066318673326595,1.016445205787389,15.450556993484497,24.58272183800258
15.460177898406982,139,184,15.450556993484497,-0.3101980811727937,-0.0663502645159683,1.016856014979008,15.500067949295044,23.404408236147535
15.500067949295044,139,184,15.500067949295044,-0.31026529998835084,-0.06636649775653836,1.0170763009338009,15.550163984298706,20.486802258562413
15.550163984298706,139,184,15.550163984298706,-0.31029916777117406,-0.06636567519274614,1.0171962936380177,15.59245491027832,21.56144102648462
15.59245491027832,139,184,15.59245491027832,-0.31031085584824536,-0.06637252897933626,1.0172503230985335,15.640063047409058,21.694825481555046
15.640063047409058,139,184,15.640063047409058,-0.3101189591277965,-0.06633891522893476,1.016597821850035,15.694329023361206,19.012819350510416
15.694329023361206,139,184,15.694329023361206,-0.31023318264555577,-0.06635222659733069,1.0169667644773017,15.73169994354248,26.68166261657273
15.73169994354248,139,184,15.73169994354248,-0.3102968437487508,-0.06635498481955449,1.0171672543859525,15.770080089569092,23.856756080358565
15.770080089569092,139,184,15.770080089569092,-0.31048254748888515,-0.06641216914000252,1.017773628947839,15.810096025466919,24.89408022031504
15.810096025466919,139,184,15.810096025466919,-0.3100507833203357,-0.06631781571802785,1.0163763032110003,15.860172033309937,22.16218329766717
15.860172033309937,139,184,15.860172033309937,-0.3103392438082583,-0.06636993525364332,1.0173522781998001,15.897001028060913,27.218242817928733
15.897001028060913,139,184,15.897001028060913,-0.3103573245174904,-0.06637483759902897,1.0173593102479201,15.940124988555908,20.230282450995524
15.940124988555908,139,184,15.940124988555908,-0.3101850287078853,-0.06633126390917508,1.0168092785600586,15.990547895431519,22.981606184968246
15.990547895431519,139,184,15.990547895431519,-0.31042913413141726,-0.06639915933346321,1.0176260308619496,16.03026294708252,21.139792750292326
16.03026294708252,139,184,16.03026294708252,-0.3104420810531039,-0.06640096825574855,1.017654503247242,16.080074071884155,23.332929088390568
16.080074071884155,139,184,16.080074071884155,-0.3102509196166212,-0.06636170726171044,1.0170102518136395,16.12007999420166,20.509843424514187
16.130064010620117,139,184,16.12007999420166,-0.3101012955692625,-0.06633466656144933,1.0165381846867816,16.170083045959473,24.108659290127893
16.170083045959473,139,184,16.170083045959473,-0.3103748527057534,-0.06637754591129444,1.0174403595320827,16.210202932357788,23.637871956717763
16.210202932357788,139,184,16.210202932357788,-0.31028547598818307,-0.06636630226479392,1.0171639226618843,16.26090693473816,19.03559952800218
16.26090693473816,139,184,16.26090693473816,-0.3103688890681136,-0.06638613244554167,1.0174268322923326,16.31008505821228,21.15333289624321
16.31008505821228,139,184,16.31008505821228,-0.3102376872027155,-0.06634253870774737,1.0169945364907094,16.350193977355957,25.171814891944283
16.350193977355957,139,184,16.350193977355957,-0.31018501444069607,-0.0663401000899856,1.0168213251234572,16.401465892791748,20.243659232302562
16.401465892791748,139,184,16.401465892791748,-0.31015635790949464,-0.06632928179049451,1.0167071396017213,16.440079927444458,24.151694354072497
16.440079927444458,139,184,16.440079927444458,-0.31022026625543925,-0.06635321599578316,1.0168932780229605,16.48011803627014,21.24774062816616
16.48011803627014,139,184,16.48011803627014,-0.310219506909164,-0.06635652438066643,1.0169606161926927,16.520405054092407,26.19573553842887
16.520405054092407,139,184,16.520405054092407,-0.3102464044506583,-0.06636030459366361,1.0170037961156142,16.570340871810913,21.958212268274934
16.570340871810913,139,184,16.570340871810913,-0.3101670112279142,-0.06634045812045156,1.016786879337578,16.62027096748352,21.016811228196765
16.62027096748352,139,184,16.62027096748352,-0.31019675582478057,-0.06633590330639955,1.0168393100399926,16.660084009170532,20.82729100975743
16.670599937438965,139,184,16.660084009170532,-0.31040310399999055,-0.0663989890354972,1.0175524580966115,16.710088968276978,20.742112238640633
16.710088968276978,139,184,16.710088968276978,-0.3102990528644052,-0.06635953910919366,1.0171631110452373,16.750088930130005,25.157320825560962
16.750088930130005,139,184,16.750088930130005,-0.31015611410346194,-0.06633543325948298,1.0167332572959369,16.800065994262695,20.303730310100786
16.800065994262695,139,184,16.800065994262695,-0.31038016180729394,-0.06638135260928475,1.0174483136516135,16.850152015686035,22.45368794098438
16.850152015686035,139,184,16.850152015686035,-0.31045580002429085,-0.06639132879733987,1.0176962689702223,16.89018487930298,20.818607329167268
16.900443077087402,139,184,16.89018487930298,-0.3103417425677674,-0.06637273600012485,1.0173290361824545,16.94012689590454,23.796524393357426
16.94012689590454,139,184,16.94012689590454,-0.30993513924481014,-0.06628893019511213,1.015924982404905,16.990073919296265,17.508219166645794
16.990073919296265,139,184,16.990073919296265,-0.31013880874290656,-0.0663396023746301,1.016660713637838,17.050167083740234,18.01800811052306
17.050167083740234,139,184,17.050167083740234,-0.3103772815340398,-0.06637624460763987,1.0174543644012042,17.100100994110107,19.986009854094597
17.100100994110107,139,184,17.100100994110107,-0.3102411411123175,-0.06634275830884885,1.0169618708926698,17.150137901306152,18.394214618700744
17.150137901306152,139,184,17.150137901306152,-0.31030161609114515,-0.06636738877631877,1.0171568594038982,17.20201587677002,19.571748544124233
17.20201587677002,139,184,17.20201587677002,-0.3099861462454623,-0.06629708015613013,1.0161506276019874,17.25020408630371,21.010599715470775
17.25020408630371,139,184,17.25020408630371,-0.31001933947128796,-0.06630298615848981,1.0162469327862542,17.290308952331543,25.06336496402706
17.290308952331543,139,184,17.290308952331543,-0.31023074434987574,-0.06633890251144342,1.0169258479814214,17.350087881088257,18.038775826179705
17.350087881088257,139,184,17.350087881088257,-0.3101810054278584,-0.06634217149645692,1.0167302057590943,17.390505075454712,24.82497706489894
17.390505075454712,139,184,17.390505075454712,-0.3103902748532137,-0.06638382684058519,1.017487430063149,17.44064497947693,19.83535108958838
17.44064497947693,139,184,17.44064497947693,-0.3102235102387473,-0.06633978368145405,1.016863610092395,17.49016499519348,20.465809838881245
17.50016188621521,139,184,17.49016499519348,-0.31027693012179536,-0.06636360803511135,1.0171667880857382,17.54013705253601,20.47720038276017
17.54013705253601,139,184,17.54013705253601,-0.3103469153716633,-0.06636681915037776,1.0173296738676019,17.590199947357178,19.918716252475413
17.590199947357178,139,184,17.590199947357178,-0.3104015031934051,-0.06638528735815591,1.0175168696113412,17.64027190208435,18.80440620670794
17.64027190208435,139,184,17.64027190208435,-0.3102430794913781,-0.06634267752891476,1.0169769455739992,17.68023705482483,22.561059443060852
17.68023705482483,139,184,17.68023705482483,-0.3105442050786233,-0.06641442616208326,1.017948210907639,17.720452070236206,24.72867056180835
17.720452070236206,139,184,17.720452070236206,-0.31044407047050304,-0.0663920489463959,1.0177234161993982,17.78015398979187,18.527059738148665
17.78015398979187,139,184,17.78015398979187,-0.31032615420421594,-0.06636887891245132,1.0172836066831066,17.820065021514893,24.227866380928724
17.820065021514893,139,184,17.820065021514893,-0.3104988482683407,-0.06640546013971493,1.0178151736742596,17.86012291908264,26.499769391636182
17.86012291908264,139,184,17.86012291908264,-0.31034180124888244,-0.06636724517732463,1.017297944973307,17.890148878097534,26.51467873669305
17.90060806274414,139,184,17.890148878097534,-0.31025475798786345,-0.06635896571391782,1.0169953615222485,17.950082063674927,19.303148845300665
17.950082063674927,139,184,17.950082063674927,-0.31044334304896404,-0.06640381366960302,1.0176646482882497,17.99018096923828,23.263433464968717
17.99018096923828,139,184,17.99018096923828,-0.3102380900932704,-0.0663408526354608,1.016965833354486,18.030104875564575,20.05817117552258
18.030104875564575,139,184,18.030104875564575,-0.3104778410705552,-0.06639487448637944,1.017765294238347,18.080101013183594,25.607502197909543
18.080101013183594,139,184,18.080101013183594,-0.31015530499902816,-0.06633138178175978,1.0166959047803583,18.13008403778076,20.791775104223984
18.13008403778076,139,184,18.13008403778076,-0.3103169899938629,-0.06637603527667506,1.017245270183643,18.17008090019226,20.78394489730185
18.17008090019226,139,184,18.17008090019226,-0.31012505831445086,-0.06632430053692938,1.0165850134566141,18.21152901649475,27.322498062028128
18.21152901649475,139,184,18.21152901649475,-0.31027770919631165,-0.06635697035770478,1.0170395273192996,18.260206937789917,22.517455937380884
18.260206937789917,139,184,18.260206937789917,-0.31035458522717985,-0.06638103927718991,1.0173651482035226,18.310112953186035,17.476703584256274
18.310112953186035,139,184,18.310112953186035,-0.31031038664442606,-0.06637323925737139,1.0172374637767443,18.36012291908264,19.874732866748484
18.36012291908264,139,184,18.36012291908264,-0.3102333529560469,-0.06634648834389659,1.0169303476847105,18.41037607192993,23.776155276404698
18.41037607192993,139,184,18.41037607192993,-0.3102531378349478,-0.06635555807237309,1.0170316713965208,18.450100898742676,24.518773565603716
18.450100898742676,139,184,18.450100898742676,-0.31050286067996413,-0.06639687319782078,1.0178642235895323,18.501347064971924,19.934620704077414
18.490113973617554,139,184,18.501347064971924,-0.31031074423048227,-0.0663786578984044,1.017194516532431,18.550008058547974,19.023684902802092
18.550008058547974,139,184,18.550008058547974,-0.31034744328784997,-0.06637507961837144,1.0173473358611729,18.59021496772766,25.97011857218043
18.59021496772766,139,184,18.59021496772766,-0.31025019546714205,-0.06635047809147183,1.0170442978281797,18.636682987213135,21.935015558402846
18.636682987213135,139,184,18.636682987213135,-0.31024517652010347,-0.06634951832026345,1.0170394905202917,18.690095901489258,18.929414738058274
18.690095901489258,139,184,18.690095901489258,-0.31011324966522563,-0.06631126169369325,1.0165544670212943,18.73034691810608,21.902942635577954
18.73034691810608,139,184,18.73034691810608,-0.31015953146854713,-0.06633293240886586,1.016766011456791,18.780128002166748,22.21029945193148
18.780128002166748,139,184,18.780128002166748,-0.31014930757721776,-0.06632912203477637,1.0167036573542356,18.82007598876953,23.35358574610245
18.82007598876953,139,184,18.82007598876953,-0.31021944266546314,-0.06633929765957608,1.016870131827507,18.870464086532593,18.226594820093865
18.870464086532593,139,184,18.870464086532593,-0.31005157383718274,-0.06630331794752557,1.016366130047846,18.9200599193573,21.46104646998025
18.9200599193573,139,184,18.9200599193573,-0.31037989109459896,-0.06638322534863463,1.017458828980602,18.960108995437622,24.165609425863508
18.960108995437622,139,184,18.960108995437622,-0.3100658931026322,-0.06630915505795568,1.0163760976149416,19.000205039978027,28.30546632474018
19.000205039978027,139,184,19.000205039978027,-0.3101136232497051,-0.06631987645130419,1.0165856247395884,19.050101041793823,19.262989175113322
19.050101041793823,139,184,19.050101041793823,-0.3104612687055192,-0.06639697564636639,1.017701709597627,19.090075969696045,22.73914764194673
19.090075969696045,139,184,19.090075969696045,-0.310304905040637,-0.06636922397122742,1.0172160007347681,19.130117893218994,26.136317750719726
19.130117893218994,139,184,19.130117893218994,-0.3102974187934733,-0.06634720502581777,1.017175266900321,19.17012906074524,27.590656431104005
19.17012906074524,139,184,19.17012906074524,-0.31033482344120583,-0.06636471277067303,1.0172742854275185,19.22015905380249,21.065048816746355
19.22015905380249,139,184,19.22015905380249,-0.3102746871961939,-0.0663582759591967,1.0171168997723863,19.25997304916382,21.453252791431595
19.25997304916382,139,184,19.25997304916382,-0.31038630853186244,-0.06637894710252656,1.0174345499405346,19.30013608932495,26.657412880304562
19.30013608932495,139,184,19.30013608932495,-0.31027554443618016,-0.06635704931215518,1.0170941190462166,19.340101957321167,22.255908478281633
19.35026502609253,139,184,19.340101957321167,-0.31029531008808764,-0.06636670069116173,1.0171582248279103,19.39008092880249,21.77467903625216
19.39008092880249,139,184,19.39008092880249,-0.31040637017767087,-0.06636980936044516,1.0175212624070358,19.44014286994934,18.695359928682862
19.44014286994934,139,184,19.44014286994934,-0.31033943233327704,-0.06636384711473124,1.0172947892729367,19.490047931671143,23.833981134219798
19.490047931671143,139,184,19.490047931671143,-0.31038763520856677,-0.06637840616038014,1.0174277116546286,19.53010106086731,23.4885533802249
19.53010106086731,139,184,19.53010106086731,-0.3103395258683036,-0.06635087254125469,1.017250605467883,19.585912942886353,17.352054873861277
19.57020401954651,139,184,19.585912942886353,-0.31043239447061144,-0.06638319196298915,1.0176695850399966,19.620874881744385,29.978800506043214
19.620874881744385,139,184,19.620874881744385,-0.3102984425051011,-0.06635992019325468,1.0171731761876157,19.660113096237183,27.821804770622727
19.660113096237183,139,184,19.660113096237183,-0.3101533656719424,-0.06631396465847,1.0167159490773212,19.690124034881592,26.761505528651366
19.690124034881592,139,184,19.690124034881592,-0.31025510858040073,-0.06635002877739447,1.0170015892138076,19.750895977020264,18.143572129963275
19.750895977020264,139,184,19.750895977020264,-0.31043063691790224,-0.06638907053007594,1.017588997194993,19.790118932724,23.0271540412636
19.790118932724,139,184,19.790118932724,-0.31020949811626886,-0.06634139140961672,1.0168796386014696,19.83018708229065,28.526664444912978
19.83018708229065,139,184,19.83018708229065,-0.31042052881022714,-0.06638709231599245,1.0175634371158926,19.86013698577881,26.783037361991788
19.86013698577881,139,184,19.86013698577881,-0.3103374817238333,-0.06636813030770382,1.0172824669870955,19.91011691093445,23.46424395674478
19.91011691093445,139,184,19.91011691093445,-0.3102955022861924,-0.06636136800298331,1.0171570254696076,19.950188875198364,22.517455937380884
19.950188875198364,139,184,19.950188875198364,-0.31039911541075316,-0.06636537527446805,1.0175040983135537,19.99012589454651,27.540654650513805
19.99012589454651,139,184,19.99012589454651,-0.31046597946061705,-0.06638266330267432,1.0177187582833847,20.030070066452026,22.44719885256781
20.030070066452026,139,184,20.030070066452026,-0.3103264472925164,-0.0663597227097853,1.01725556958027,20.08011293411255,20.22608754358131
20.08011293411255,139,184,20.08011293411255,-0.31023959944092866,-0.0663331495928141,1.0169589203909033,20.13010287284851,22.552446499623617
20.13010287284851,139,184,20.13010287284851,-0.3103070607341798,-0.06635704135988596,1.0172006658591355,20.170037984848022,24.885661225918607
20.170037984848022,139,184,20.170037984848022,-0.31034860788898794,-0.06634940547110123,1.0173180044520689,20.21015501022339,24.874297236389516
20.21015501022339,139,184,20.21015501022339,-0.31043523812126755,-0.06637847980943967,1.0176193203423887,20.249995946884155,20.426142008376353
20.26042604446411,139,184,20.249995946884155,-0.3104321053122916,-0.06637204665044175,1.0175870631726227,20.300160884857178,23.771573661599845
20.300160884857178,139,184,20.300160884857178,-0.3103519125565131,-0.0663558953528739,1.0173554381000205,20.340106964111328,24.28425690580545
20.340106964111328,139,184,20.340106964111328,-0.31021058390624556,-0.06633179696804685,1.0168746999980711,20.3801429271698,25.714730640246707
20.3801429271698,139,184,20.3801429271698,-0.31017403373062075,-0.06632655482046426,1.016733275469723,20.420477867126465,20.017677659523695
20.420477867126465,139,184,20.420477867126465,-0.31020675829734273,-0.06632199298756554,1.0168518313770654,20.470090866088867,23.976768115610636
20.470090866088867,139,184,20.470090866088867,-0.3104409892070633,-0.06638071904315629,1.017649725524623,20.510128021240234,25.851190769685914
20.510128021240234,139,184,20.510128021240234,-0.3102672487416347,-0.0663376691211397,1.0170874867145743,20.5506329536438,21.907747593404125
20.5506329536438,139,184,20.5506329536438,-0.3102814796139325,-0.06635849881694436,1.0171368719995002,20.600143909454346,20.01634024357653
20.600143909454346,139,184,20.600143909454346,-0.31025061253109615,-0.06634521606383685,1.0169805551977362,20.650130033493042,20.28605422764778
20.650130033493042,139,184,20.650130033493042,-0.31018890481147404,-0.06632955020949483,1.0168075702012167,20.691816091537476,25.570814561017393
20.691816091537476,139,184,20.691816091537476,-0.3103129703584374,-0.06635526362686428,1.0171959590253843,20.740501880645752,21.090364202279847
20.740501880645752,139,184,20.740501880645752,-0.3102916956261533,-0.066341390405749,1.017106271580244,20.78006887435913,23.43029517574241
20.78006887435913,139,184,20.78006887435913,-0.31034646804139787,-0.06636223670647784,1.017335814462908,20.82184886932373,23.21039466985413
20.82184886932373,139,184,20.82184886932373,-0.31038302501563536,-0.06636382192789826,1.017439846455471,20.880131006240845,19.495514590363573
20.880131006240845,139,184,20.880131006240845,-0.3103110908977787,-0.06633839136026246,1.0171901983105731,20.930082082748413,20.198328004006626
20.930082082748413,139,184,20.930082082748413,-0.31036608566087176,-0.06637609238874466,1.0174229908867498,20.97027087211609,24.620817582004744
20.97027087211609,139,184,20.97027087211609,-0.3103102905600957,-0.0663384118562704,1.0171742216239494,21.01013207435608,25.363916185408037
21.01013207435608,139,184,21.01013207435608,-0.3102532820540666,-0.06634696515272098,1.0170331111200412,21.050105094909668,20.01280650440641
21.050105094909668,139,184,21.050105094909668,-0.31041205706242153,-0.06637532501364217,1.017533153712971,21.100169897079468,20.42484891869123
21.100169897079468,139,184,21.100169897079468,-0.3103030098539049,-0.06634769216320643,1.017153844240557,21.140044927597046,25.101764297512748
21.140044927597046,139,184,21.140044927597046,-0.31045402374810493,-0.06638234483222927,1.017682579529125,21.180098056793213,26.824661038628804
21.180098056793213,139,184,21.180098056793213,-0.3102832123365603,-0.06633475538878846,1.0171416556953115,21.230786085128784,20.256466724620882
21.230786085128784,139,184,21.230786085128784,-0.31029904920555584,-0.06634868266932892,1.017140369518991,21.28006100654602,21.9230917995599
21.28006100654602,139,184,21.28006100654602,-0.310190880002759,-0.06632704710150489,1.0167921111770317,21.320162057876587,24.287209894844118
21.320162057876587,139,184,21.320162057876587,-0.310409814188825,-0.06637049006842151,1.0175395204942828,21.360137939453125,25.05887273118331
21.360137939453125,139,184,21.360137939453125,-0.3101860057177,-0.06632602683456293,1.0167769144687322,21.400991916656494,21.418305860244704
21.400991916656494,139,184,21.400991916656494,-0.3103836847612086,-0.06636802642859237,1.017432723143873,21.450139045715332,23.8134126677719
21.450139045715332,139,184,21.450139045715332,-0.31022975142572157,-0.06633769146742685,1.0169245155962636,21.480133056640625,26.581726229331576
21.480133056640625,139,184,21.480133056640625,-0.31041128322454997,-0.06637102398167516,1.0175273670758156,21.530152082443237,22.338883030283665
21.530152082443237,139,184,21.530152082443237,-0.3103064236793972,-0.06634342214832077,1.0171498521253952,21.57054305076599,25.245448143444424
21.57054305076599,139,184,21.57054305076599,-0.310249183432087,-0.06633015628629138,1.0169571234395154,21.610055923461914,26.268085399535302
21.610055923461914,139,184,21.610055923461914,-0.3101958412901056,-0.066317234580862,1.0168223781400576,21.65008306503296,21.76710778971405
21.65008306503296,139,184,21.65008306503296,-0.3101465483864264,-0.06630841981994241,1.0166082772490252,21.700870037078857,20.712510061678707
21.700870037078857,139,184,21.700870037078857,-0.3102220569964736,-0.06632618094988334,1.0168940170662917,21.750119924545288,22.0540426852032
21.750119924545288,139,184,21.750119924545288,-0.3103133645856517,-0.06634881920173598,1.0172001139500948,21.79012107849121,25.121910899747242
21.79012107849121,139,184,21.79012107849121,-0.31046745671848636,-0.06638214209369414,1.0177396750435328,21.840091943740845,17.22471407157964
21.840091943740845,139,184,21.840091943740845,-0.3103022975446017,-0.0663464145362476,1.0171433405964778,21.880107879638672,24.514617695535787
21.890053033828735,139,184,21.880107879638672,-0.3103591549114354,-0.06636203309853857,1.017336497312659,21.93125009536743,22.27623933802832
21.93125009536743,139,184,21.93125009536743,-0.31041079369269775,-0.06637471966732168,1.0175352301129172,21.97235107421875,22.181287415649525
21.97235107421875,139,184,21.97235107421875,-0.3104350105532179,-0.06637735598510824,1.0176178158081743,22.020166873931885,21.253554670477232
22.020166873931885,139,184,22.020166873931885,-0.31028422954096907,-0.066347812516763,1.0171211778048632,22.071068048477173,20.35575831108954
22.071068048477173,139,184,22.071068048477173,-0.31054944561141906,-0.0664025473783813,1.0179783766557418,22.110147953033447,26.22964598172688
22.110147953033447,139,184,22.110147953033447,-0.3104321577302172,-0.0663738288793084,1.0176284194991108,22.150064945220947,25.71946112007064
22.150064945220947,139,184,22.150064945220947,-0.31052300669713306,-0.06638878865984933,1.0178779049632587,22.190165996551514,18.371172402314407
22.210246086120605,139,184,22.190165996551514,-0.3102434355513878,-0.0663303478352926,1.0169840432749342,22.24007797241211,25.10552053966373
22.24007797241211,139,184,22.24007797241211,-0.3104193369604021,-0.06637047996764725,1.0175564112457571,22.280256032943726,25.008669520731722
22.280256032943726,139,184,22.280256032943726,-0.31031910505218324,-0.06634311598389739,1.0172121171968984,22.32015609741211,25.52723864473212
22.32015609741211,139,184,22.32015609741211,-0.3104359353583885,-0.06637503820261746,1.0175648141360731,22.38016986846924,16.668007216716077
22.38016986846924,139,184,22.38016986846924,-0.3102106468288114,-0.06632363215558705,1.0168609863850044,22.430532932281494,19.702483065735947
22.430532932281494,139,184,22.430532932281494,-0.3101870369756081,-0.06630891900032243,1.016782449021283,22.48015594482422,22.274228238530455
22.48015594482422,139,184,22.48015594482422,-0.3104472216506439,-0.0663743873758538,1.0176420863895492,22.520060062408447,25.050192312286487
22.520060062408447,139,184,22.520060062408447,-0.3102727689937042,-0.06633534064980522,1.0170751563600207,22.580082893371582,16.714303362144886
22.580082893371582,139,184,22.580082893371582,-0.3103695720982931,-0.06634621332135138,1.0173996276675237,22.63021993637085,19.831037058751217
22.63021993637085,139,184,22.63021993637085,-0.310309370905674,-0.06634858413267089,1.0171768325881327,22.670185089111328,25.58984777767609
22.670185089111328,139,184,22.670185089111328,-0.3102684156974648,-0.06633322199488242,1.0170005909001858,22.711633920669556,23.487895706517783
22.711633920669556,139,184,22.711633920669556,-0.3103074641179094,-0.06634796817446102,1.0171927312284976,22.771944046020508,16.648886383754025
22.771944046020508,139,184,22.771944046020508,-0.3103658183517372,-0.06636377949425636,1.0173535779416432,22.82016396522522,19.97687156478915
22.82016396522522,139,184,22.82016396522522,-0.3100514049332129,-0.06628648101039146,1.0163164008679137,22.85012698173523,26.952736526215002
22.85012698173523,139,184,22.85012698173523,-0.31045607461716174,-0.06638177772629321,1.0176955564930077,22.890156984329224,25.453036058888497
22.890156984329224,139,184,22.890156984329224,-0.31033997820426507,-0.06634581594676897,1.0173327486620538,22.95012593269348,18.36481776625742
22.95012593269348,139,184,22.95012593269348,-0.3104138539178546,-0.06636986492779487,1.017494570866452,22.990092039108276,25.82301985531784
22.990092039108276,139,184,22.990092039108276,-0.31037241272888033,-0.06636183909482726,1.0173975548307939,23.030176877975464,21.983877561717073
23.030176877975464,139,184,23.030176877975464,-0.3102754270212105,-0.06633738920952402,1.0170558137277774,23.070080995559692,26.960706044185613
23.070080995559692,139,184,23.070080995559692,-0.31020768348689487,-0.06632755291653973,1.016833209980184,23.120476961135864,20.089202237719366
23.120476961135864,139,184,23.120476961135864,-0.3104263265743433,-0.06636361657531677,1.0175685863552069,23.170158863067627,22.13166170666329
23.170158863067627,139,184,23.170158863067627,-0.310330556905663,-0.06634973917588044,1.017238752918613,23.220074892044067,17.282557995797106
23.220074892044067,139,184,23.220074892044067,-0.31038720965810906,-0.0663640448526161,1.0174390409010174,23.260070085525513,27.877650311723183
23.260070085525513,139,184,23.260070085525513,-0.3101938324110894,-0.06632510758145105,1.0167694041934812,23.3001070022583,23.980743612173605
23.31147003173828,139,184,23.3001070022583,-0.3101036421414443,-0.06629544051933912,1.0164545660171578,23.330097913742065,30.926199833361597
23.330097913742065,139,184,23.330097913742065,-0.3103824507824621,-0.06636703077118317,1.0174160199669338,23.380125999450684,20.874661570313744
23.380125999450684,139,184,23.380125999450684,-0.31045898948694445,-0.06637083309504772,1.0176110996047842,23.4201180934906,26.41665249566997
23.4201180934906,139,184,23.4201180934906,-0.31037516508844915,-0.06635411505768102,1.0174139989550957,23.460608959197998,26.59925801439579
23.460608959197998,139,184,23.460608959197998,-0.31028044919367165,-0.0663402643873772,1.0170648536084854,23.500114917755127,21.565653761118824
23.500114917755127,139,184,23.500114917755127,-0.31038697149131617,-0.0663566380809731,1.0174154690930854,23.550028085708618,23.448371479365363
23.550028085708618,139,184,23.550028085708618,-0.31029321732635423,-0.06633974344067328,1.0171283573512475,23.58050298690796,25.357475802112365
23.59097194671631,139,184,23.58050298690796,-0.31031867475509844,-0.06634267377327126,1.0172058042868481,23.630066871643066,22.392909959691412
23.630066871643066,139,184,23.630066871643066,-0.3102849393945308,-0.06632558750013297,1.0170553823830208,23.68368101119995,20.077470249777413
23.690160989761353,139,184,23.68368101119995,-0.3102946504756386,-0.06634427082948753,1.0171388774984662,23.730093002319336,21.07171600962577
23.730093002319336,139,184,23.730093002319336,-0.310276382756669,-0.06633795799122706,1.017082836455784,23.77012586593628,23.952122070446343
23.77012586593628,139,184,23.77012586593628,-0.31022334054048295,-0.06633751367713216,1.016859465958894,23.812052965164185,25.769236440490527
23.812052965164185,139,184,23.812052965164185,-0.3102106374149071,-0.06632199237615642,1.0168721715016846,23.860220909118652,20.45612785860251
23.860220909118652,139,184,23.860220909118652,-0.3103016724986358,-0.06633891967331945,1.0171384885703418,23.90008306503296,23.036766078980612
23.90008306503296,139,184,23.90008306503296,-0.3102523431062102,-0.06633377350711629,1.0169806075681533,23.94007897377014,28.180898310209294
23.94007897377014,139,184,23.94007897377014,-0.3103246832494262,-0.06634675245052446,1.0172553992844144,23.980834007263184,24.274840262987315
23.980834007263184,139,184,23.980834007263184,-0.31038124764575437,-0.06634764938270192,1.0174145282975737,24.02008295059204,21.32921086622662
24.02008295059204,139,184,24.02008295059204,-0.31056304205149216,-0.06639599776389206,1.0180130183651068,24.07033395767212,21.83168852800333
24.07033395767212,139,184,24.07033395767212,-0.31019929081949155,-0.06631626385707262,1.0167828999688744,24.110058069229126,24.56156048885323
24.110058069229126,139,184,24.110058069229126,-0.3104121591013138,-0.06636478090828386,1.017506443063655,24.150243997573853,24.498437563884654
24.150243997573853,139,184,24.150243997573853,-0.31023565444104517,-0.06632297347679625,1.0168751428281955,24.210206031799316,16.51528360207115
24.210206031799316,139,184,24.210206031799316,-0.3104363424929793,-0.06635996792255848,1.0176004766083866,24.260076999664307,20.523693018339824
24.260076999664307,139,184,24.260076999664307,-0.3102601094550147,-0.06632962684308698,1.0169971585090356,24.3001549243927,25.32547579943967
24.3001549243927,139,184,24.3001549243927,-0.310446225814525,-0.06635658994863745,1.017644806453376,24.340090036392212,26.4298028935827
24.340090036392212,139,184,24.340090036392212,-0.31031477794516804,-0.06634439773138338,1.0172105708721784,24.380091905593872,21.45467937962925
24.380091905593872,139,184,24.380091905593872,-0.31048048443420867,-0.06638015658767477,1.0177398884633417,24.430075883865356,23.532173454445484
24.430075883865356,139,184,24.430075883865356,-0.31053297359841026,-0.06639119529974305,1.01790923548304,24.47014307975769,23.582716257625595
24.47014307975769,139,184,24.47014307975769,-0.3103792926686114,-0.06635661813929646,1.0173919722821745,24.510159015655518,24.520493648167527
24.510159015655518,139,184,24.510159015655518,-0.31041851972468076,-0.06635862680556102,1.0175045766685218,24.551286935806274,23.709626179318608
24.551286935806274,139,184,24.551286935806274,-0.3104181805268706,-0.06635694290026692,1.0175445443430895,24.60015892982483,19.016870922255926
24.610260009765625,139,184,24.60015892982483,-0.3101108050916194,-0.06629785813159815,1.0164812054783132,24.660099029541016,18.551479499314432
24.660099029541016,139,184,24.660099029541016,-0.31033891565321076,-0.06634038398466297,1.0172739172509146,24.710121870040894,18.80727305338206
24.710121870040894,139,184,24.710121870040894,-0.3103216370243051,-0.06635177323499113,1.017237778351348,24.76014995574951,21.151946100235005
24.76014995574951,139,184,24.76014995574951,-0.31028794195812937,-0.06633107996759034,1.0171149989882997,24.800107955932617,23.541551137703042
24.800107955932617,139,184,24.800107955932617,-0.3103154894422315,-0.06633591036919786,1.0171404375335014,24.840142965316772,25.126275242767882
